id,gx_id,ticker,ex_date,payable_date,dvd_amount,currency
888,NULL,BMO CN,2024-04-26 00:00:00.000,2024-05-28 00:00:00.000,1.51,CAD
889,NULL,BMO CN,2024-01-29 00:00:00.000,2024-02-27 00:00:00.000,1.51,CAD
890,NULL,BMO CN,2023-10-27 00:00:00.000,2023-11-28 00:00:00.000,1.47,CAD
891,NULL,BMO CN,2023-07-27 00:00:00.000,2023-08-28 00:00:00.000,1.47,CAD
892,NULL,BMO CN,2023-04-27 00:00:00.000,2023-05-26 00:00:00.000,1.43,CAD
893,NULL,BMO CN,2023-01-27 00:00:00.000,2023-02-28 00:00:00.000,1.43,CAD
894,NULL,BMO CN,2022-10-31 00:00:00.000,2022-11-28 00:00:00.000,1.39,CAD
895,NULL,BMO CN,2022-07-29 00:00:00.000,2022-08-26 00:00:00.000,1.39,CAD
896,NULL,BMO CN,2022-04-29 00:00:00.000,2022-05-26 00:00:00.000,1.33,CAD
897,NULL,BMO CN,2022-01-31 00:00:00.000,2022-02-28 00:00:00.000,1.33,CAD
898,NULL,BMO CN,2021-10-29 00:00:00.000,2021-11-26 00:00:00.000,1.06,CAD
899,NULL,BMO CN,2021-07-30 00:00:00.000,2021-08-26 00:00:00.000,1.06,CAD
900,NULL,BMO CN,2021-04-30 00:00:00.000,2021-05-26 00:00:00.000,1.06,CAD
901,NULL,BMO CN,2021-01-29 00:00:00.000,2021-02-26 00:00:00.000,1.06,CAD
902,NULL,BMO CN,2020-10-30 00:00:00.000,2020-11-26 00:00:00.000,1.06,CAD
903,NULL,BMO CN,2020-07-31 00:00:00.000,2020-08-26 00:00:00.000,1.06,CAD
904,NULL,BMO CN,2020-04-30 00:00:00.000,2020-05-26 00:00:00.000,1.06,CAD
905,NULL,BMO CN,2020-01-31 00:00:00.000,2020-02-26 00:00:00.000,1.06,CAD
906,NULL,BMO CN,2019-10-31 00:00:00.000,2019-11-26 00:00:00.000,1.03,CAD
907,NULL,BMO CN,2019-07-31 00:00:00.000,2019-08-27 00:00:00.000,1.03,CAD
908,NULL,BMO CN,2019-04-30 00:00:00.000,2019-05-28 00:00:00.000,1,CAD
909,NULL,BMO CN,2019-01-31 00:00:00.000,2019-02-26 00:00:00.000,1,CAD
910,NULL,BMO CN,2018-10-31 00:00:00.000,2018-11-27 00:00:00.000,0.96,CAD
911,NULL,BMO CN,2018-07-31 00:00:00.000,2018-08-28 00:00:00.000,0.96,CAD
912,NULL,BMO CN,2018-04-30 00:00:00.000,2018-05-28 00:00:00.000,0.93,CAD
913,NULL,BMO CN,2018-01-31 00:00:00.000,2018-02-27 00:00:00.000,0.93,CAD
914,NULL,BMO CN,2017-10-31 00:00:00.000,2017-11-28 00:00:00.000,0.9,CAD
915,NULL,BMO CN,2017-07-28 00:00:00.000,2017-08-28 00:00:00.000,0.9,CAD
916,NULL,BMO CN,2017-04-27 00:00:00.000,2017-05-26 00:00:00.000,0.88,CAD
917,NULL,BMO CN,2017-01-30 00:00:00.000,2017-02-28 00:00:00.000,0.88,CAD
918,NULL,BMO CN,2016-10-28 00:00:00.000,2016-11-28 00:00:00.000,0.86,CAD
919,NULL,BMO CN,2016-07-27 00:00:00.000,2016-08-26 00:00:00.000,0.86,CAD
920,NULL,BMO CN,2016-04-28 00:00:00.000,2016-05-26 00:00:00.000,0.84,CAD
921,NULL,BMO CN,2016-01-28 00:00:00.000,2016-02-26 00:00:00.000,0.84,CAD
922,NULL,BMO CN,2015-10-29 00:00:00.000,2015-11-26 00:00:00.000,0.82,CAD
923,NULL,BMO CN,2015-07-29 00:00:00.000,2015-08-26 00:00:00.000,0.82,CAD
924,NULL,BMO CN,2015-04-29 00:00:00.000,2015-05-26 00:00:00.000,0.8,CAD
925,NULL,BMO CN,2015-01-29 00:00:00.000,2015-02-26 00:00:00.000,0.8,CAD
926,NULL,BMO CN,2014-10-30 00:00:00.000,2014-11-26 00:00:00.000,0.78,CAD
927,NULL,BMO CN,2014-07-30 00:00:00.000,2014-08-26 00:00:00.000,0.78,CAD
928,NULL,BMO CN,2014-04-29 00:00:00.000,2014-05-27 00:00:00.000,0.76,CAD
929,NULL,BMO CN,2014-01-30 00:00:00.000,2014-02-26 00:00:00.000,0.76,CAD
930,NULL,BMO CN,2013-10-30 00:00:00.000,2013-11-26 00:00:00.000,0.74,CAD
931,NULL,BMO CN,2013-07-30 00:00:00.000,2013-08-27 00:00:00.000,0.74,CAD
932,NULL,BMO CN,2013-04-29 00:00:00.000,2013-05-28 00:00:00.000,0.74,CAD
933,NULL,BMO CN,2013-01-30 00:00:00.000,2013-02-26 00:00:00.000,0.72,CAD
934,NULL,BMO CN,2012-10-30 00:00:00.000,2012-11-28 00:00:00.000,0.72,CAD
935,NULL,BMO CN,2012-07-30 00:00:00.000,2012-08-28 00:00:00.000,0.7,CAD
936,NULL,BMO CN,2012-04-27 00:00:00.000,2012-05-28 00:00:00.000,0.7,CAD
937,NULL,BMO CN,2012-01-30 00:00:00.000,2012-02-28 00:00:00.000,0.7,CAD
938,NULL,BMO CN,2011-10-28 00:00:00.000,2011-11-28 00:00:00.000,0.7,CAD
939,NULL,BMO CN,2011-07-28 00:00:00.000,2011-08-26 00:00:00.000,0.7,CAD
940,NULL,BMO CN,2011-04-28 00:00:00.000,2011-05-26 00:00:00.000,0.7,CAD
941,NULL,BMO CN,2011-01-28 00:00:00.000,2011-02-28 00:00:00.000,0.7,CAD
942,NULL,BMO CN,2010-10-28 00:00:00.000,2010-11-26 00:00:00.000,0.7,CAD
943,NULL,BMO CN,2010-07-28 00:00:00.000,2010-08-26 00:00:00.000,0.7,CAD
944,NULL,BMO CN,2010-04-29 00:00:00.000,2010-05-26 00:00:00.000,0.7,CAD
945,NULL,BMO CN,2010-01-28 00:00:00.000,2010-02-26 00:00:00.000,0.7,CAD
946,NULL,BMO CN,2009-11-04 00:00:00.000,2009-11-26 00:00:00.000,0.7,CAD
947,NULL,BMO CN,2009-08-05 00:00:00.000,2009-08-27 00:00:00.000,0.7,CAD
948,NULL,BMO CN,2009-04-29 00:00:00.000,2009-05-28 00:00:00.000,0.7,CAD
949,NULL,BMO CN,2009-02-04 00:00:00.000,2009-02-26 00:00:00.000,0.7,CAD
950,NULL,BMO CN,2008-10-29 00:00:00.000,2008-11-27 00:00:00.000,0.7,CAD
951,NULL,BMO CN,2008-07-30 00:00:00.000,2008-08-28 00:00:00.000,0.7,CAD
952,NULL,BMO CN,2008-04-30 00:00:00.000,2008-05-29 00:00:00.000,0.7,CAD
953,NULL,BMO CN,2008-01-30 00:00:00.000,2008-02-28 00:00:00.000,0.7,CAD
954,NULL,BMO CN,2007-10-31 00:00:00.000,2007-11-29 00:00:00.000,0.7,CAD
955,NULL,BMO CN,2007-08-01 00:00:00.000,2007-08-30 00:00:00.000,0.68,CAD
956,NULL,BMO CN,2007-05-02 00:00:00.000,2007-05-30 00:00:00.000,0.68,CAD
957,NULL,BMO CN,2007-01-31 00:00:00.000,2007-02-27 00:00:00.000,0.65,CAD
958,NULL,BMO CN,2006-11-01 00:00:00.000,2006-11-29 00:00:00.000,0.62,CAD
959,NULL,BMO CN,2006-08-02 00:00:00.000,2006-08-30 00:00:00.000,0.62,CAD
960,NULL,BMO CN,2006-05-03 00:00:00.000,2006-05-30 00:00:00.000,0.53,CAD
961,NULL,BMO CN,2006-02-01 00:00:00.000,2006-02-27 00:00:00.000,0.49,CAD
962,NULL,BMO CN,2005-11-02 00:00:00.000,2005-11-29 00:00:00.000,0.49,CAD
963,NULL,BMO CN,2005-08-03 00:00:00.000,2005-08-30 00:00:00.000,0.46,CAD
964,NULL,BMO CN,2005-05-04 00:00:00.000,2005-05-30 00:00:00.000,0.46,CAD
965,NULL,BMO CN,2005-02-02 00:00:00.000,2005-02-25 00:00:00.000,0.44,CAD
966,NULL,BMO CN,2004-11-03 00:00:00.000,2004-11-29 00:00:00.000,0.44,CAD
967,NULL,BMO CN,2004-08-04 00:00:00.000,2004-08-30 00:00:00.000,0.4,CAD
968,NULL,BMO CN,2004-05-05 00:00:00.000,2004-05-28 00:00:00.000,0.4,CAD
969,NULL,BMO CN,2004-02-04 00:00:00.000,2004-02-26 00:00:00.000,0.35,CAD
970,NULL,BMO CN,2003-11-07 00:00:00.000,2003-11-27 00:00:00.000,0.35,CAD
971,NULL,BMO CN,2003-08-01 00:00:00.000,2003-08-28 00:00:00.000,0.33,CAD
972,NULL,BMO CN,2003-05-05 00:00:00.000,2003-05-29 00:00:00.000,0.33,CAD
973,NULL,BMO CN,2003-02-10 00:00:00.000,2003-02-27 00:00:00.000,0.33,CAD
974,NULL,BMO CN,2002-10-30 00:00:00.000,2002-11-28 00:00:00.000,0.3,CAD
975,NULL,BMO CN,2002-07-31 00:00:00.000,2002-08-29 00:00:00.000,0.3,CAD
976,NULL,BMO CN,2002-05-01 00:00:00.000,2002-05-30 00:00:00.000,0.3,CAD
977,NULL,BMO CN,2002-01-30 00:00:00.000,2002-02-27 00:00:00.000,0.3,CAD
978,NULL,BMO CN,2001-10-31 00:00:00.000,2001-11-29 00:00:00.000,0.28,CAD
979,NULL,BMO CN,2001-08-01 00:00:00.000,2001-08-30 00:00:00.000,0.28,CAD
980,NULL,BMO CN,2001-05-02 00:00:00.000,2001-05-30 00:00:00.000,0.28,CAD
981,NULL,BMO CN,2001-03-01 00:00:00.000,2001-03-14 00:00:00.000,2,CAD
982,NULL,BMO CN,2001-01-31 00:00:00.000,2001-02-27 00:00:00.000,0.28,CAD
983,NULL,BMO CN,2000-11-01 00:00:00.000,2000-11-29 00:00:00.000,0.25,CAD
984,NULL,BMO CN,2000-08-02 00:00:00.000,2000-08-30 00:00:00.000,0.25,CAD
985,NULL,BMO CN,2000-05-03 00:00:00.000,2000-05-30 00:00:00.000,0.25,CAD
986,NULL,BMO CN,2000-02-02 00:00:00.000,2000-02-28 00:00:00.000,0.25,CAD
987,NULL,BMO CN,1999-11-03 00:00:00.000,1999-11-29 00:00:00.000,0.235,CAD
988,NULL,BMO CN,1999-08-04 00:00:00.000,1999-08-30 00:00:00.000,0.235,CAD
989,NULL,BMO CN,1999-05-05 00:00:00.000,1999-05-28 00:00:00.000,0.235,CAD
990,NULL,BMO CN,1999-02-03 00:00:00.000,1999-02-25 00:00:00.000,0.235,CAD
991,NULL,BMO CN,1998-11-04 00:00:00.000,1998-11-27 00:00:00.000,0.22,CAD
992,NULL,BMO CN,1998-08-05 00:00:00.000,1998-08-28 00:00:00.000,0.22,CAD
993,NULL,BMO CN,1998-05-06 00:00:00.000,1998-05-28 00:00:00.000,0.22,CAD
994,NULL,BMO CN,1998-02-04 00:00:00.000,1998-02-26 00:00:00.000,0.22,CAD
995,NULL,BMO CN,1997-11-05 00:00:00.000,1997-11-27 00:00:00.000,0.22,CAD
996,NULL,BMO CN,1997-08-05 00:00:00.000,1997-08-28 00:00:00.000,0.2,CAD
997,NULL,BMO CN,1997-05-05 00:00:00.000,1997-05-29 00:00:00.000,0.2,CAD
998,NULL,BMO CN,1997-02-05 00:00:00.000,1997-02-27 00:00:00.000,0.2,CAD
999,NULL,BMO CN,1996-11-06 00:00:00.000,1996-11-28 00:00:00.000,0.2,CAD
1000,NULL,BMO CN,1996-08-06 00:00:00.000,1996-08-29 00:00:00.000,0.18,CAD
1001,NULL,BMO CN,1996-05-06 00:00:00.000,1996-05-30 00:00:00.000,0.18,CAD
1002,NULL,BMO CN,1996-02-06 00:00:00.000,1996-02-28 00:00:00.000,0.18,CAD
1003,NULL,BMO CN,1995-11-06 00:00:00.000,1995-11-29 00:00:00.000,0.165,CAD
1004,NULL,BMO CN,1995-08-03 00:00:00.000,1995-08-30 00:00:00.000,0.165,CAD
1005,NULL,BMO CN,1995-05-03 00:00:00.000,1995-05-30 00:00:00.000,0.165,CAD
1006,NULL,BMO CN,1995-02-02 00:00:00.000,1995-02-27 00:00:00.000,0.165,CAD
1007,NULL,BMO CN,1994-11-02 00:00:00.000,1994-11-29 00:00:00.000,0.15,CAD
1008,NULL,BMO CN,1994-08-03 00:00:00.000,1994-08-30 00:00:00.000,0.15,CAD
1009,NULL,BMO CN,1994-05-04 00:00:00.000,1994-05-30 00:00:00.000,0.15,CAD
1010,NULL,BMO CN,1994-02-02 00:00:00.000,1994-02-25 00:00:00.000,0.15,CAD
1011,NULL,BMO CN,1993-11-02 00:00:00.000,1993-11-29 00:00:00.000,0.14,CAD
1012,NULL,BMO CN,1993-08-04 00:00:00.000,1993-08-30 00:00:00.000,0.14,CAD
1013,NULL,BMO CN,1993-05-04 00:00:00.000,1993-05-28 00:00:00.000,0.14,CAD
1014,NULL,BMO CN,1993-03-01 00:00:00.000,1993-03-20 00:00:00.000,1,CAD
1015,NULL,BMO CN,1993-02-02 00:00:00.000,1993-02-25 00:00:00.000,0.14,CAD
1016,NULL,BMO CN,1992-11-03 00:00:00.000,1992-11-27 00:00:00.000,0.1325,CAD
1017,NULL,BMO CN,1992-08-04 00:00:00.000,1992-08-28 00:00:00.000,0.1325,CAD
1018,NULL,BMO CN,1992-05-04 00:00:00.000,1992-05-28 00:00:00.000,0.1325,CAD
1019,NULL,BMO CN,1992-02-04 00:00:00.000,1992-02-27 00:00:00.000,0.1325,CAD
1020,NULL,BMO CN,1991-11-04 00:00:00.000,1991-11-28 00:00:00.000,0.1325,CAD
1021,NULL,BMO CN,1991-08-02 00:00:00.000,1991-08-29 00:00:00.000,0.1325,CAD
1022,NULL,BMO CN,1991-05-02 00:00:00.000,1991-05-30 00:00:00.000,0.1325,CAD
1023,NULL,BMO CN,1991-02-04 00:00:00.000,1991-02-27 00:00:00.000,0.1325,CAD
1024,NULL,BMO CN,1990-10-31 00:00:00.000,1990-11-29 00:00:00.000,0.1325,CAD
1025,NULL,BMO CN,1990-07-31 00:00:00.000,1990-08-30 00:00:00.000,0.1325,CAD
1026,NULL,BMO CN,1990-05-02 00:00:00.000,1990-05-30 00:00:00.000,0.1325,CAD
1027,NULL,BMO CN,1990-01-31 00:00:00.000,1990-02-27 00:00:00.000,0.1325,CAD
1028,NULL,BMO CN,1989-11-01 00:00:00.000,1989-11-29 00:00:00.000,0.1325,CAD
1029,NULL,BMO CN,1989-08-01 00:00:00.000,1989-08-30 00:00:00.000,0.1325,CAD
1030,NULL,BMO CN,1989-05-03 00:00:00.000,1989-05-30 00:00:00.000,0.1325,CAD
1031,NULL,BMO CN,1989-01-30 00:00:00.000,1989-02-27 00:00:00.000,0.1325,CAD
1032,NULL,BMO CN,1988-10-31 00:00:00.000,1988-11-29 00:00:00.000,0.125,CAD
1033,NULL,BMO CN,1988-07-29 00:00:00.000,1988-08-30 00:00:00.000,0.125,CAD
1034,NULL,BMO CN,1988-05-02 00:00:00.000,1988-05-30 00:00:00.000,0.125,CAD
1035,NULL,BMO CN,1988-01-27 00:00:00.000,1988-02-26 00:00:00.000,0.125,CAD
1036,NULL,BMO CN,1987-11-02 00:00:00.000,1987-11-27 00:00:00.000,0.125,CAD
1037,NULL,BMO CN,1987-07-31 00:00:00.000,1987-08-28 00:00:00.000,0.125,CAD
1038,NULL,BMO CN,1987-05-04 00:00:00.000,1987-05-28 00:00:00.000,0.125,CAD
1039,NULL,BMO CN,1987-01-27 00:00:00.000,1987-02-26 00:00:00.000,0.125,CAD
1040,NULL,BMO CN,1986-11-03 00:00:00.000,1986-11-27 00:00:00.000,0.1225,CAD
1041,NULL,BMO CN,1986-07-28 00:00:00.000,1986-08-28 00:00:00.000,0.1225,CAD
1042,NULL,BMO CN,1986-04-28 00:00:00.000,1986-05-29 00:00:00.000,0.1225,CAD
1043,NULL,BMO CN,1986-01-28 00:00:00.000,1986-02-27 00:00:00.000,0.1225,CAD
1044,NULL,BMO CN,1985-10-29 00:00:00.000,1985-11-28 00:00:00.000,0.1225,CAD
1045,NULL,BMO CN,1985-07-29 00:00:00.000,1985-08-29 00:00:00.000,0.1225,CAD
1046,NULL,BMO CN,1985-04-29 00:00:00.000,1985-05-30 00:00:00.000,0.1225,CAD
1047,NULL,BMO CN,1985-01-29 00:00:00.000,1985-02-27 00:00:00.000,0.1225,CAD
1048,NULL,BNS CN,2024-04-01 00:00:00.000,2024-04-26 00:00:00.000,1.06,CAD
1049,NULL,BNS CN,2024-01-02 00:00:00.000,2024-01-29 00:00:00.000,1.06,CAD
1050,NULL,BNS CN,2023-09-29 00:00:00.000,2023-10-27 00:00:00.000,1.06,CAD
1051,NULL,BNS CN,2023-07-04 00:00:00.000,2023-07-27 00:00:00.000,1.06,CAD
1052,NULL,BNS CN,2023-04-03 00:00:00.000,2023-04-26 00:00:00.000,1.03,CAD
1053,NULL,BNS CN,2023-01-03 00:00:00.000,2023-01-27 00:00:00.000,1.03,CAD
1054,NULL,BNS CN,2022-10-03 00:00:00.000,2022-10-27 00:00:00.000,1.03,CAD
1055,NULL,BNS CN,2022-07-04 00:00:00.000,2022-07-27 00:00:00.000,1.03,CAD
1056,NULL,BNS CN,2022-04-04 00:00:00.000,2022-04-27 00:00:00.000,1,CAD
1057,NULL,BNS CN,2021-12-31 00:00:00.000,2022-01-27 00:00:00.000,1,CAD
1058,NULL,BNS CN,2021-10-04 00:00:00.000,2021-10-27 00:00:00.000,0.9,CAD
1059,NULL,BNS CN,2021-07-05 00:00:00.000,2021-07-28 00:00:00.000,0.9,CAD
1060,NULL,BNS CN,2021-04-05 00:00:00.000,2021-04-28 00:00:00.000,0.9,CAD
1061,NULL,BNS CN,2021-01-04 00:00:00.000,2021-01-27 00:00:00.000,0.9,CAD
1062,NULL,BNS CN,2020-10-05 00:00:00.000,2020-10-28 00:00:00.000,0.9,CAD
1063,NULL,BNS CN,2020-07-06 00:00:00.000,2020-07-29 00:00:00.000,0.9,CAD
1064,NULL,BNS CN,2020-04-06 00:00:00.000,2020-04-28 00:00:00.000,0.9,CAD
1065,NULL,BNS CN,2020-01-06 00:00:00.000,2020-01-29 00:00:00.000,0.9,CAD
1066,NULL,BNS CN,2019-09-30 00:00:00.000,2019-10-29 00:00:00.000,0.9,CAD
1067,NULL,BNS CN,2019-06-28 00:00:00.000,2019-07-29 00:00:00.000,0.87,CAD
1068,NULL,BNS CN,2019-04-01 00:00:00.000,2019-04-26 00:00:00.000,0.87,CAD
1069,NULL,BNS CN,2018-12-31 00:00:00.000,2019-01-29 00:00:00.000,0.85,CAD
1070,NULL,BNS CN,2018-10-01 00:00:00.000,2018-10-29 00:00:00.000,0.85,CAD
1071,NULL,BNS CN,2018-06-29 00:00:00.000,2018-07-27 00:00:00.000,0.82,CAD
1072,NULL,BNS CN,2018-04-02 00:00:00.000,2018-04-26 00:00:00.000,0.82,CAD
1073,NULL,BNS CN,2017-12-29 00:00:00.000,2018-01-29 00:00:00.000,0.79,CAD
1074,NULL,BNS CN,2017-10-02 00:00:00.000,2017-10-27 00:00:00.000,0.79,CAD
1075,NULL,BNS CN,2017-06-29 00:00:00.000,2017-07-27 00:00:00.000,0.76,CAD
1076,NULL,BNS CN,2017-03-31 00:00:00.000,2017-04-26 00:00:00.000,0.76,CAD
1077,NULL,BNS CN,2016-12-29 00:00:00.000,2017-01-27 00:00:00.000,0.74,CAD
1078,NULL,BNS CN,2016-09-30 00:00:00.000,2016-10-27 00:00:00.000,0.74,CAD
1079,NULL,BNS CN,2016-06-30 00:00:00.000,2016-07-27 00:00:00.000,0.72,CAD
1080,NULL,BNS CN,2016-04-01 00:00:00.000,2016-04-27 00:00:00.000,0.72,CAD
1081,NULL,BNS CN,2015-12-31 00:00:00.000,2016-01-27 00:00:00.000,0.7,CAD
1082,NULL,BNS CN,2015-10-02 00:00:00.000,2015-10-28 00:00:00.000,0.7,CAD
1083,NULL,BNS CN,2015-07-03 00:00:00.000,2015-07-29 00:00:00.000,0.68,CAD
1084,NULL,BNS CN,2015-04-02 00:00:00.000,2015-04-28 00:00:00.000,0.68,CAD
1085,NULL,BNS CN,2015-01-02 00:00:00.000,2015-01-28 00:00:00.000,0.66,CAD
1086,NULL,BNS CN,2014-10-03 00:00:00.000,2014-10-29 00:00:00.000,0.66,CAD
1087,NULL,BNS CN,2014-06-27 00:00:00.000,2014-07-29 00:00:00.000,0.64,CAD
1088,NULL,BNS CN,2014-03-28 00:00:00.000,2014-04-28 00:00:00.000,0.64,CAD
1089,NULL,BNS CN,2014-01-03 00:00:00.000,2014-01-29 00:00:00.000,0.62,CAD
1090,NULL,BNS CN,2013-09-27 00:00:00.000,2013-10-29 00:00:00.000,0.62,CAD
1091,NULL,BNS CN,2013-06-27 00:00:00.000,2013-07-29 00:00:00.000,0.6,CAD
1092,NULL,BNS CN,2013-03-28 00:00:00.000,2013-04-26 00:00:00.000,0.6,CAD
1093,NULL,BNS CN,2012-12-28 00:00:00.000,2013-01-29 00:00:00.000,0.57,CAD
1094,NULL,BNS CN,2012-09-28 00:00:00.000,2012-10-29 00:00:00.000,0.57,CAD
1095,NULL,BNS CN,2012-06-28 00:00:00.000,2012-07-27 00:00:00.000,0.55,CAD
1096,NULL,BNS CN,2012-03-30 00:00:00.000,2012-04-26 00:00:00.000,0.55,CAD
1097,NULL,BNS CN,2011-12-29 00:00:00.000,2012-01-27 00:00:00.000,0.52,CAD
1098,NULL,BNS CN,2011-09-30 00:00:00.000,2011-10-27 00:00:00.000,0.52,CAD
1099,NULL,BNS CN,2011-06-30 00:00:00.000,2011-07-27 00:00:00.000,0.52,CAD
1100,NULL,BNS CN,2011-04-01 00:00:00.000,2011-04-27 00:00:00.000,0.52,CAD
1101,NULL,BNS CN,2010-12-30 00:00:00.000,2011-01-27 00:00:00.000,0.49,CAD
1102,NULL,BNS CN,2010-10-01 00:00:00.000,2010-10-27 00:00:00.000,0.49,CAD
1103,NULL,BNS CN,2010-07-02 00:00:00.000,2010-07-28 00:00:00.000,0.49,CAD
1104,NULL,BNS CN,2010-04-01 00:00:00.000,2010-04-28 00:00:00.000,0.49,CAD
1105,NULL,BNS CN,2009-12-31 00:00:00.000,2010-01-27 00:00:00.000,0.49,CAD
1106,NULL,BNS CN,2009-10-02 00:00:00.000,2009-10-28 00:00:00.000,0.49,CAD
1107,NULL,BNS CN,2009-07-03 00:00:00.000,2009-07-29 00:00:00.000,0.49,CAD
1108,NULL,BNS CN,2009-04-03 00:00:00.000,2009-04-28 00:00:00.000,0.49,CAD
1109,NULL,BNS CN,2009-01-02 00:00:00.000,2009-01-28 00:00:00.000,0.49,CAD
1110,NULL,BNS CN,2008-10-03 00:00:00.000,2008-10-29 00:00:00.000,0.49,CAD
1111,NULL,BNS CN,2008-06-27 00:00:00.000,2008-07-29 00:00:00.000,0.49,CAD
1112,NULL,BNS CN,2008-03-28 00:00:00.000,2008-04-28 00:00:00.000,0.47,CAD
1113,NULL,BNS CN,2007-12-28 00:00:00.000,2008-01-29 00:00:00.000,0.47,CAD
1114,NULL,BNS CN,2007-09-28 00:00:00.000,2007-10-29 00:00:00.000,0.45,CAD
1115,NULL,BNS CN,2007-06-28 00:00:00.000,2007-07-27 00:00:00.000,0.45,CAD
1116,NULL,BNS CN,2007-03-30 00:00:00.000,2007-04-26 00:00:00.000,0.42,CAD
1117,NULL,BNS CN,2006-12-28 00:00:00.000,2007-01-29 00:00:00.000,0.42,CAD
1118,NULL,BNS CN,2006-09-29 00:00:00.000,2006-10-27 00:00:00.000,0.39,CAD
1119,NULL,BNS CN,2006-06-29 00:00:00.000,2006-07-27 00:00:00.000,0.39,CAD
1120,NULL,BNS CN,2006-03-31 00:00:00.000,2006-04-26 00:00:00.000,0.36,CAD
1121,NULL,BNS CN,2005-12-29 00:00:00.000,2006-01-27 00:00:00.000,0.36,CAD
1122,NULL,BNS CN,2005-09-30 00:00:00.000,2005-10-27 00:00:00.000,0.34,CAD
1123,NULL,BNS CN,2005-06-30 00:00:00.000,2005-07-27 00:00:00.000,0.34,CAD
1124,NULL,BNS CN,2005-04-01 00:00:00.000,2005-04-27 00:00:00.000,0.32,CAD
1125,NULL,BNS CN,2004-12-30 00:00:00.000,2005-01-27 00:00:00.000,0.32,CAD
1126,NULL,BNS CN,2004-10-01 00:00:00.000,2004-10-27 00:00:00.000,0.3,CAD
1127,NULL,BNS CN,2004-07-02 00:00:00.000,2004-07-28 00:00:00.000,0.3,CAD
1128,NULL,BNS CN,2004-04-02 00:00:00.000,2004-04-28 00:00:00.000,2,CAD
1129,NULL,BNS CN,2004-04-02 00:00:00.000,2004-04-28 00:00:00.000,0.25,CAD
1130,NULL,BNS CN,2004-01-02 00:00:00.000,2004-01-28 00:00:00.000,0.25,CAD
1131,NULL,BNS CN,2003-10-03 00:00:00.000,2003-10-29 00:00:00.000,0.22,CAD
1132,NULL,BNS CN,2003-06-27 00:00:00.000,2003-07-29 00:00:00.000,0.22,CAD
1133,NULL,BNS CN,2003-03-28 00:00:00.000,2003-04-28 00:00:00.000,0.2,CAD
1134,NULL,BNS CN,2003-01-03 00:00:00.000,2003-01-29 00:00:00.000,0.2,CAD
1135,NULL,BNS CN,2002-09-27 00:00:00.000,2002-10-29 00:00:00.000,0.185,CAD
1136,NULL,BNS CN,2002-06-27 00:00:00.000,2002-07-29 00:00:00.000,0.185,CAD
1137,NULL,BNS CN,2002-03-28 00:00:00.000,2002-04-26 00:00:00.000,0.185,CAD
1138,NULL,BNS CN,2001-12-28 00:00:00.000,2002-01-29 00:00:00.000,0.17,CAD
1139,NULL,BNS CN,2001-09-28 00:00:00.000,2001-10-29 00:00:00.000,0.17,CAD
1140,NULL,BNS CN,2001-06-28 00:00:00.000,2001-07-27 00:00:00.000,0.155,CAD
1141,NULL,BNS CN,2001-03-30 00:00:00.000,2001-04-26 00:00:00.000,0.155,CAD
1142,NULL,BNS CN,2000-12-28 00:00:00.000,2001-01-29 00:00:00.000,0.14,CAD
1143,NULL,BNS CN,2000-09-29 00:00:00.000,2000-10-27 00:00:00.000,0.14,CAD
1144,NULL,BNS CN,2000-06-29 00:00:00.000,2000-07-27 00:00:00.000,0.12,CAD
1145,NULL,BNS CN,2000-03-31 00:00:00.000,2000-04-26 00:00:00.000,0.12,CAD
1146,NULL,BNS CN,1999-12-30 00:00:00.000,2000-01-27 00:00:00.000,0.12,CAD
1147,NULL,BNS CN,1999-10-01 00:00:00.000,1999-10-27 00:00:00.000,0.12,CAD
1148,NULL,BNS CN,1999-07-02 00:00:00.000,1999-07-28 00:00:00.000,0.105,CAD
1149,NULL,BNS CN,1999-04-01 00:00:00.000,1999-04-28 00:00:00.000,0.105,CAD
1150,NULL,BNS CN,1998-12-31 00:00:00.000,1999-01-27 00:00:00.000,0.105,CAD
1151,NULL,BNS CN,1998-10-02 00:00:00.000,1998-10-28 00:00:00.000,0.1,CAD
1152,NULL,BNS CN,1998-07-03 00:00:00.000,1998-07-29 00:00:00.000,0.1,CAD
1153,NULL,BNS CN,1998-04-03 00:00:00.000,1998-04-28 00:00:00.000,0.1,CAD
1154,NULL,BNS CN,1998-02-10 00:00:00.000,1998-02-19 00:00:00.000,2,CAD
1155,NULL,BNS CN,1998-01-02 00:00:00.000,1998-01-28 00:00:00.000,0.1,CAD
1156,NULL,BNS CN,1997-10-03 00:00:00.000,1997-10-29 00:00:00.000,0.0925,CAD
1157,NULL,BNS CN,1997-06-27 00:00:00.000,1997-07-29 00:00:00.000,0.0925,CAD
1158,NULL,BNS CN,1997-03-27 00:00:00.000,1997-04-28 00:00:00.000,0.0925,CAD
1159,NULL,BNS CN,1997-01-03 00:00:00.000,1997-01-29 00:00:00.000,0.0925,CAD
1160,NULL,BNS CN,1996-09-27 00:00:00.000,1996-10-29 00:00:00.000,0.085,CAD
1161,NULL,BNS CN,1996-06-27 00:00:00.000,1996-07-29 00:00:00.000,0.085,CAD
1162,NULL,BNS CN,1996-03-29 00:00:00.000,1996-04-26 00:00:00.000,0.0775,CAD
1163,NULL,BNS CN,1995-12-28 00:00:00.000,1996-01-29 00:00:00.000,0.0775,CAD
1164,NULL,BNS CN,1995-09-29 00:00:00.000,1995-10-27 00:00:00.000,0.0775,CAD
1165,NULL,BNS CN,1995-06-29 00:00:00.000,1995-07-27 00:00:00.000,0.0775,CAD
1166,NULL,BNS CN,1995-03-29 00:00:00.000,1995-04-26 00:00:00.000,0.0775,CAD
1167,NULL,BNS CN,1994-12-23 00:00:00.000,1995-01-27 00:00:00.000,0.0775,CAD
1168,NULL,BNS CN,1994-09-28 00:00:00.000,1994-10-27 00:00:00.000,0.0725,CAD
1169,NULL,BNS CN,1994-06-28 00:00:00.000,1994-07-27 00:00:00.000,0.0725,CAD
1170,NULL,BNS CN,1994-03-29 00:00:00.000,1994-04-27 00:00:00.000,0.0725,CAD
1171,NULL,BNS CN,1993-12-28 00:00:00.000,1994-01-27 00:00:00.000,0.0725,CAD
1172,NULL,BNS CN,1993-09-21 00:00:00.000,1993-10-27 00:00:00.000,0.07,CAD
1173,NULL,BNS CN,1993-06-22 00:00:00.000,1993-07-28 00:00:00.000,0.07,CAD
1174,NULL,BNS CN,1993-03-22 00:00:00.000,1993-04-28 00:00:00.000,0.07,CAD
1175,NULL,BNS CN,1992-12-18 00:00:00.000,1993-01-27 00:00:00.000,0.07,CAD
1176,NULL,BNS CN,1992-09-22 00:00:00.000,1992-10-28 00:00:00.000,0.065,CAD
1177,NULL,BNS CN,1992-06-23 00:00:00.000,1992-07-29 00:00:00.000,0.065,CAD
1178,NULL,BNS CN,1992-03-23 00:00:00.000,1992-04-28 00:00:00.000,0.065,CAD
1179,NULL,BNS CN,1991-12-19 00:00:00.000,1992-01-29 00:00:00.000,0.065,CAD
1180,NULL,BNS CN,1991-09-23 00:00:00.000,1991-10-29 00:00:00.000,0.0625,CAD
1181,NULL,BNS CN,1991-06-24 00:00:00.000,1991-07-29 00:00:00.000,0.0625,CAD
1182,NULL,BNS CN,1991-03-20 00:00:00.000,1991-04-26 00:00:00.000,0.0625,CAD
1183,NULL,BNS CN,1990-12-20 00:00:00.000,1991-01-29 00:00:00.000,0.0625,CAD
1184,NULL,BNS CN,1990-09-24 00:00:00.000,1990-10-29 00:00:00.000,0.0625,CAD
1185,NULL,BNS CN,1990-06-21 00:00:00.000,1990-07-27 00:00:00.000,0.0625,CAD
1186,NULL,BNS CN,1990-03-20 00:00:00.000,1990-04-26 00:00:00.000,0.0625,CAD
1187,NULL,BNS CN,1989-12-21 00:00:00.000,1990-01-29 00:00:00.000,0.0625,CAD
1188,NULL,BNS CN,1989-09-21 00:00:00.000,1989-10-27 00:00:00.000,0.0575,CAD
1189,NULL,BNS CN,1989-06-21 00:00:00.000,1989-07-27 00:00:00.000,0.0575,CAD
1190,NULL,BNS CN,1989-03-17 00:00:00.000,1989-04-26 00:00:00.000,0.0525,CAD
1191,NULL,BNS CN,1988-12-19 00:00:00.000,1989-01-27 00:00:00.000,0.0525,CAD
1192,NULL,BNS CN,1988-09-21 00:00:00.000,1988-10-27 00:00:00.000,0.05,CAD
1193,NULL,BNS CN,1988-06-21 00:00:00.000,1988-07-27 00:00:00.000,0.0475,CAD
1194,NULL,BNS CN,1988-03-21 00:00:00.000,1988-04-27 00:00:00.000,0.0475,CAD
1195,NULL,BNS CN,1987-12-18 00:00:00.000,1988-01-27 00:00:00.000,0.045,CAD
1196,NULL,BNS CN,1987-09-22 00:00:00.000,1987-10-28 00:00:00.000,0.045,CAD
1197,NULL,BNS CN,1987-06-23 00:00:00.000,1987-07-29 00:00:00.000,0.045,CAD
1198,NULL,BNS CN,1987-03-23 00:00:00.000,1987-04-28 00:00:00.000,0.045,CAD
1199,NULL,BNS CN,1986-12-18 00:00:00.000,1986-01-28 00:00:00.000,0.045,CAD
1200,NULL,BNS CN,1986-09-23 00:00:00.000,1986-10-29 00:00:00.000,0.045,CAD
1201,NULL,BNS CN,1986-06-23 00:00:00.000,1986-07-29 00:00:00.000,0.0425,CAD
1202,NULL,BNS CN,1986-03-21 00:00:00.000,1986-04-28 00:00:00.000,0.0425,CAD
1203,NULL,BNS CN,1985-12-19 00:00:00.000,1986-01-29 00:00:00.000,0.0425,CAD
1204,NULL,BNS CN,1985-09-23 00:00:00.000,1985-10-29 00:00:00.000,0.0425,CAD
1205,NULL,BNS CN,1985-06-24 00:00:00.000,1985-07-29 00:00:00.000,0.0425,CAD
1206,NULL,BNS CN,1985-03-20 00:00:00.000,1985-04-26 00:00:00.000,0.0425,CAD
1207,NULL,BNS CN,1984-12-20 00:00:00.000,1985-01-29 00:00:00.000,0.0425,CAD
1208,NULL,BNS CN,1984-01-23 00:00:00.000,1984-01-27 00:00:00.000,3,CAD
1226,NULL,CM CN,2024-03-27 00:00:00.000,2024-04-29 00:00:00.000,0.9,CAD
1227,NULL,CM CN,2023-12-27 00:00:00.000,2024-01-29 00:00:00.000,0.9,CAD
1228,NULL,CM CN,2023-09-27 00:00:00.000,2023-10-27 00:00:00.000,0.87,CAD
1229,NULL,CM CN,2023-06-27 00:00:00.000,2023-07-28 00:00:00.000,0.87,CAD
1230,NULL,CM CN,2023-03-27 00:00:00.000,2023-04-28 00:00:00.000,0.85,CAD
1231,NULL,CM CN,2022-12-23 00:00:00.000,2023-01-27 00:00:00.000,0.85,CAD
1232,NULL,CM CN,2022-09-27 00:00:00.000,2022-10-28 00:00:00.000,0.83,CAD
1233,NULL,CM CN,2022-06-27 00:00:00.000,2022-07-28 00:00:00.000,0.83,CAD
1234,NULL,CM CN,2022-05-16 00:00:00.000,2022-05-13 00:00:00.000,2,CAD
1235,NULL,CM CN,2022-03-25 00:00:00.000,2022-04-28 00:00:00.000,0.805,CAD
1236,NULL,CM CN,2021-12-24 00:00:00.000,2022-01-28 00:00:00.000,0.805,CAD
1237,NULL,CM CN,2021-09-27 00:00:00.000,2021-10-28 00:00:00.000,0.73,CAD
1238,NULL,CM CN,2021-06-25 00:00:00.000,2021-07-28 00:00:00.000,0.73,CAD
1239,NULL,CM CN,2021-03-26 00:00:00.000,2021-04-28 00:00:00.000,0.73,CAD
1240,NULL,CM CN,2020-12-24 00:00:00.000,2021-01-28 00:00:00.000,0.73,CAD
1241,NULL,CM CN,2020-09-25 00:00:00.000,2020-10-28 00:00:00.000,0.73,CAD
1242,NULL,CM CN,2020-06-26 00:00:00.000,2020-07-28 00:00:00.000,0.73,CAD
1243,NULL,CM CN,2020-03-26 00:00:00.000,2020-04-28 00:00:00.000,0.73,CAD
1244,NULL,CM CN,2019-12-24 00:00:00.000,2020-01-28 00:00:00.000,0.72,CAD
1245,NULL,CM CN,2019-09-26 00:00:00.000,2019-10-28 00:00:00.000,0.72,CAD
1246,NULL,CM CN,2019-06-27 00:00:00.000,2019-07-29 00:00:00.000,0.7,CAD
1247,NULL,CM CN,2019-03-27 00:00:00.000,2019-04-29 00:00:00.000,0.7,CAD
1248,NULL,CM CN,2018-12-27 00:00:00.000,2019-01-28 00:00:00.000,0.68,CAD
1249,NULL,CM CN,2018-09-27 00:00:00.000,2018-10-29 00:00:00.000,0.68,CAD
1250,NULL,CM CN,2018-06-27 00:00:00.000,2018-07-27 00:00:00.000,0.665,CAD
1251,NULL,CM CN,2018-03-27 00:00:00.000,2018-04-27 00:00:00.000,0.665,CAD
1252,NULL,CM CN,2017-12-27 00:00:00.000,2018-01-29 00:00:00.000,0.65,CAD
1253,NULL,CM CN,2017-09-27 00:00:00.000,2017-10-27 00:00:00.000,0.65,CAD
1254,NULL,CM CN,2017-06-26 00:00:00.000,2017-07-28 00:00:00.000,0.635,CAD
1255,NULL,CM CN,2017-03-24 00:00:00.000,2017-04-28 00:00:00.000,0.635,CAD
1256,NULL,CM CN,2016-12-22 00:00:00.000,2017-01-27 00:00:00.000,0.62,CAD
1257,NULL,CM CN,2016-09-26 00:00:00.000,2016-10-28 00:00:00.000,0.605,CAD
1258,NULL,CM CN,2016-06-24 00:00:00.000,2016-07-28 00:00:00.000,0.605,CAD
1259,NULL,CM CN,2016-03-23 00:00:00.000,2016-04-28 00:00:00.000,0.59,CAD
1260,NULL,CM CN,2015-12-23 00:00:00.000,2016-01-28 00:00:00.000,0.575,CAD
1261,NULL,CM CN,2015-09-24 00:00:00.000,2015-10-28 00:00:00.000,0.56,CAD
1262,NULL,CM CN,2015-06-25 00:00:00.000,2015-07-28 00:00:00.000,0.545,CAD
1263,NULL,CM CN,2015-03-25 00:00:00.000,2015-04-28 00:00:00.000,0.53,CAD
1264,NULL,CM CN,2014-12-23 00:00:00.000,2015-01-28 00:00:00.000,0.515,CAD
1265,NULL,CM CN,2014-09-25 00:00:00.000,2014-10-28 00:00:00.000,0.5,CAD
1266,NULL,CM CN,2014-06-25 00:00:00.000,2014-07-28 00:00:00.000,0.5,CAD
1267,NULL,CM CN,2014-03-26 00:00:00.000,2014-04-28 00:00:00.000,0.49,CAD
1268,NULL,CM CN,2013-12-23 00:00:00.000,2014-01-28 00:00:00.000,0.48,CAD
1269,NULL,CM CN,2013-09-25 00:00:00.000,2013-10-28 00:00:00.000,0.48,CAD
1270,NULL,CM CN,2013-06-26 00:00:00.000,2013-07-29 00:00:00.000,0.48,CAD
1271,NULL,CM CN,2013-03-26 00:00:00.000,2013-04-29 00:00:00.000,0.47,CAD
1272,NULL,CM CN,2012-12-24 00:00:00.000,2013-01-28 00:00:00.000,0.47,CAD
1273,NULL,CM CN,2012-09-26 00:00:00.000,2012-10-29 00:00:00.000,0.47,CAD
1274,NULL,CM CN,2012-06-26 00:00:00.000,2012-07-27 00:00:00.000,0.45,CAD
1275,NULL,CM CN,2012-03-26 00:00:00.000,2012-04-27 00:00:00.000,0.45,CAD
1276,NULL,CM CN,2011-12-22 00:00:00.000,2012-01-27 00:00:00.000,0.45,CAD
1277,NULL,CM CN,2011-09-26 00:00:00.000,2011-10-28 00:00:00.000,0.45,CAD
1278,NULL,CM CN,2011-06-24 00:00:00.000,2011-07-28 00:00:00.000,0.435,CAD
1279,NULL,CM CN,2011-03-24 00:00:00.000,2011-04-28 00:00:00.000,0.435,CAD
1280,NULL,CM CN,2010-12-23 00:00:00.000,2011-01-28 00:00:00.000,0.435,CAD
1281,NULL,CM CN,2010-09-24 00:00:00.000,2010-10-28 00:00:00.000,0.435,CAD
1282,NULL,CM CN,2010-06-24 00:00:00.000,2010-07-28 00:00:00.000,0.435,CAD
1283,NULL,CM CN,2010-03-25 00:00:00.000,2010-04-28 00:00:00.000,0.435,CAD
1284,NULL,CM CN,2009-12-23 00:00:00.000,2010-01-28 00:00:00.000,0.435,CAD
1285,NULL,CM CN,2009-09-24 00:00:00.000,2009-10-28 00:00:00.000,0.435,CAD
1286,NULL,CM CN,2009-06-25 00:00:00.000,2009-07-28 00:00:00.000,0.435,CAD
1287,NULL,CM CN,2009-03-25 00:00:00.000,2009-04-28 00:00:00.000,0.435,CAD
1288,NULL,CM CN,2008-12-23 00:00:00.000,2009-01-28 00:00:00.000,0.435,CAD
1289,NULL,CM CN,2008-09-25 00:00:00.000,2008-10-28 00:00:00.000,0.435,CAD
1290,NULL,CM CN,2008-06-25 00:00:00.000,2008-07-28 00:00:00.000,0.435,CAD
1291,NULL,CM CN,2008-03-26 00:00:00.000,2008-04-28 00:00:00.000,0.435,CAD
1292,NULL,CM CN,2007-12-24 00:00:00.000,2008-01-28 00:00:00.000,0.435,CAD
1293,NULL,CM CN,2007-09-26 00:00:00.000,2007-10-29 00:00:00.000,0.435,CAD
1294,NULL,CM CN,2007-06-26 00:00:00.000,2007-07-27 00:00:00.000,0.385,CAD
1295,NULL,CM CN,2007-03-26 00:00:00.000,2007-04-27 00:00:00.000,0.385,CAD
1296,NULL,CM CN,2006-12-22 00:00:00.000,2007-01-29 00:00:00.000,0.35,CAD
1297,NULL,CM CN,2006-09-26 00:00:00.000,2006-10-27 00:00:00.000,0.35,CAD
1298,NULL,CM CN,2006-06-26 00:00:00.000,2006-07-28 00:00:00.000,0.35,CAD
1299,NULL,CM CN,2006-03-24 00:00:00.000,2006-04-28 00:00:00.000,0.34,CAD
1300,NULL,CM CN,2005-12-22 00:00:00.000,2006-01-27 00:00:00.000,0.34,CAD
1301,NULL,CM CN,2005-09-26 00:00:00.000,2005-10-28 00:00:00.000,0.34,CAD
1302,NULL,CM CN,2005-06-24 00:00:00.000,2005-07-28 00:00:00.000,0.34,CAD
1303,NULL,CM CN,2005-03-23 00:00:00.000,2005-04-28 00:00:00.000,0.325,CAD
1304,NULL,CM CN,2004-12-23 00:00:00.000,2005-01-28 00:00:00.000,0.325,CAD
1305,NULL,CM CN,2004-09-24 00:00:00.000,2004-10-28 00:00:00.000,0.3,CAD
1306,NULL,CM CN,2004-06-24 00:00:00.000,2004-07-28 00:00:00.000,0.3,CAD
1307,NULL,CM CN,2004-03-25 00:00:00.000,2004-04-28 00:00:00.000,0.25,CAD
1308,NULL,CM CN,2003-12-23 00:00:00.000,2004-01-28 00:00:00.000,0.25,CAD
1309,NULL,CM CN,2003-09-25 00:00:00.000,2003-10-28 00:00:00.000,0.205,CAD
1310,NULL,CM CN,2003-06-25 00:00:00.000,2003-07-28 00:00:00.000,0.205,CAD
1311,NULL,CM CN,2003-03-26 00:00:00.000,2003-04-28 00:00:00.000,0.205,CAD
1312,NULL,CM CN,2002-12-23 00:00:00.000,2003-01-28 00:00:00.000,0.205,CAD
1313,NULL,CM CN,2002-09-25 00:00:00.000,2002-10-28 00:00:00.000,0.205,CAD
1314,NULL,CM CN,2002-06-26 00:00:00.000,2002-07-29 00:00:00.000,0.205,CAD
1315,NULL,CM CN,2002-03-26 00:00:00.000,2002-04-29 00:00:00.000,0.205,CAD
1316,NULL,CM CN,2001-12-24 00:00:00.000,2002-01-28 00:00:00.000,0.185,CAD
1317,NULL,CM CN,2001-09-26 00:00:00.000,2001-10-29 00:00:00.000,0.185,CAD
1318,NULL,CM CN,2001-06-26 00:00:00.000,2001-07-27 00:00:00.000,0.185,CAD
1319,NULL,CM CN,2001-03-26 00:00:00.000,2001-04-27 00:00:00.000,0.185,CAD
1320,NULL,CM CN,2000-12-22 00:00:00.000,2001-01-29 00:00:00.000,0.165,CAD
1321,NULL,CM CN,2000-09-26 00:00:00.000,2000-10-27 00:00:00.000,0.165,CAD
1322,NULL,CM CN,2000-06-26 00:00:00.000,2000-07-28 00:00:00.000,0.165,CAD
1323,NULL,CM CN,2000-03-24 00:00:00.000,2000-04-28 00:00:00.000,0.165,CAD
1324,NULL,CM CN,1999-12-23 00:00:00.000,2000-01-28 00:00:00.000,0.15,CAD
1325,NULL,CM CN,1999-09-24 00:00:00.000,1999-10-28 00:00:00.000,0.15,CAD
1326,NULL,CM CN,1999-06-24 00:00:00.000,1999-07-28 00:00:00.000,0.15,CAD
1327,NULL,CM CN,1999-03-25 00:00:00.000,1999-04-28 00:00:00.000,0.15,CAD
1328,NULL,CM CN,1998-12-23 00:00:00.000,1999-01-28 00:00:00.000,0.15,CAD
1329,NULL,CM CN,1998-09-24 00:00:00.000,1998-10-28 00:00:00.000,0.15,CAD
1330,NULL,CM CN,1998-06-25 00:00:00.000,1998-07-28 00:00:00.000,0.15,CAD
1331,NULL,CM CN,1998-03-25 00:00:00.000,1998-04-28 00:00:00.000,0.15,CAD
1332,NULL,CM CN,1997-12-23 00:00:00.000,1998-01-28 00:00:00.000,0.15,CAD
1333,NULL,CM CN,1997-09-25 00:00:00.000,1997-10-28 00:00:00.000,0.15,CAD
1334,NULL,CM CN,1997-06-25 00:00:00.000,1997-07-28 00:00:00.000,0.125,CAD
1335,NULL,CM CN,1997-03-25 00:00:00.000,1997-04-28 00:00:00.000,0.125,CAD
1336,NULL,CM CN,1997-03-25 00:00:00.000,1997-03-27 00:00:00.000,2,CAD
1337,NULL,CM CN,1996-12-23 00:00:00.000,1997-01-28 00:00:00.000,0.125,CAD
1338,NULL,CM CN,1996-09-25 00:00:00.000,1996-10-28 00:00:00.000,0.1125,CAD
1339,NULL,CM CN,1996-06-26 00:00:00.000,1996-07-29 00:00:00.000,0.1125,CAD
1340,NULL,CM CN,1996-03-26 00:00:00.000,1996-04-29 00:00:00.000,0.1,CAD
1341,NULL,CM CN,1995-12-26 00:00:00.000,1996-01-29 00:00:00.000,0.1,CAD
1342,NULL,CM CN,1995-09-26 00:00:00.000,1995-10-27 00:00:00.000,0.0925,CAD
1343,NULL,CM CN,1995-06-26 00:00:00.000,1995-07-28 00:00:00.000,0.0925,CAD
1344,NULL,CM CN,1995-03-22 00:00:00.000,1995-04-28 00:00:00.000,0.0925,CAD
1345,NULL,CM CN,1994-12-20 00:00:00.000,1995-01-27 00:00:00.000,0.0925,CAD
1346,NULL,CM CN,1994-09-22 00:00:00.000,1994-10-28 00:00:00.000,0.0825,CAD
1347,NULL,CM CN,1994-06-22 00:00:00.000,1994-07-28 00:00:00.000,0.0825,CAD
1348,NULL,CM CN,1994-03-22 00:00:00.000,1994-04-28 00:00:00.000,0.0825,CAD
1349,NULL,CM CN,1993-12-21 00:00:00.000,1994-01-28 00:00:00.000,0.0825,CAD
1350,NULL,CM CN,1993-09-22 00:00:00.000,1993-10-28 00:00:00.000,0.0825,CAD
1351,NULL,CM CN,1993-06-22 00:00:00.000,1993-07-28 00:00:00.000,0.0825,CAD
1352,NULL,CM CN,1993-03-23 00:00:00.000,1993-04-28 00:00:00.000,0.0825,CAD
1353,NULL,CM CN,1992-12-21 00:00:00.000,1993-01-28 00:00:00.000,0.0825,CAD
1354,NULL,CM CN,1992-09-22 00:00:00.000,1992-10-28 00:00:00.000,0.0825,CAD
1355,NULL,CM CN,1992-06-23 00:00:00.000,1992-07-28 00:00:00.000,0.0825,CAD
1356,NULL,CM CN,1992-03-23 00:00:00.000,1992-04-28 00:00:00.000,0.0825,CAD
1357,NULL,CM CN,1991-12-19 00:00:00.000,1992-01-28 00:00:00.000,0.0825,CAD
1358,NULL,CM CN,1991-09-23 00:00:00.000,1991-10-28 00:00:00.000,0.0825,CAD
1359,NULL,CM CN,1991-06-24 00:00:00.000,1991-07-29 00:00:00.000,0.0825,CAD
1360,NULL,CM CN,1991-03-22 00:00:00.000,1991-04-29 00:00:00.000,0.0825,CAD
1361,NULL,CM CN,1990-12-20 00:00:00.000,1991-01-28 00:00:00.000,0.0825,CAD
1362,NULL,CM CN,1990-09-24 00:00:00.000,1990-10-29 00:00:00.000,0.0825,CAD
1363,NULL,CM CN,1990-06-25 00:00:00.000,1990-07-27 00:00:00.000,0.0825,CAD
1364,NULL,CM CN,1990-03-22 00:00:00.000,1990-04-27 00:00:00.000,0.0825,CAD
1365,NULL,CM CN,1989-12-20 00:00:00.000,1990-01-29 00:00:00.000,0.0825,CAD
1366,NULL,CM CN,1989-09-22 00:00:00.000,1989-10-27 00:00:00.000,0.0825,CAD
1367,NULL,CM CN,1989-06-22 00:00:00.000,1989-07-28 00:00:00.000,0.0775,CAD
1368,NULL,CM CN,1989-03-21 00:00:00.000,1989-04-28 00:00:00.000,0.0775,CAD
1369,NULL,CM CN,1988-12-20 00:00:00.000,1989-01-27 00:00:00.000,0.0725,CAD
1370,NULL,CM CN,1988-09-22 00:00:00.000,1988-10-28 00:00:00.000,0.0725,CAD
1371,NULL,CM CN,1988-06-22 00:00:00.000,1988-07-28 00:00:00.000,0.0725,CAD
1372,NULL,CM CN,1988-03-22 00:00:00.000,1988-04-28 00:00:00.000,0.0725,CAD
1373,NULL,CM CN,1987-12-18 00:00:00.000,1988-01-28 00:00:00.000,0.0675,CAD
1374,NULL,CM CN,1987-09-22 00:00:00.000,1987-10-28 00:00:00.000,0.0675,CAD
1375,NULL,CM CN,1987-06-22 00:00:00.000,1987-07-28 00:00:00.000,0.0675,CAD
1376,NULL,CM CN,1987-03-23 00:00:00.000,1987-04-28 00:00:00.000,0.0675,CAD
1377,NULL,CM CN,1986-12-18 00:00:00.000,1987-01-28 00:00:00.000,0.0675,CAD
1378,NULL,CM CN,1986-09-22 00:00:00.000,1986-10-28 00:00:00.000,0.0675,CAD
1379,NULL,CM CN,1986-06-23 00:00:00.000,1986-07-28 00:00:00.000,0.0675,CAD
1380,NULL,CM CN,1986-03-21 00:00:00.000,1986-04-28 00:00:00.000,0.0675,CAD
1381,NULL,CM CN,1986-01-27 00:00:00.000,1986-01-31 00:00:00.000,2,CAD
1382,NULL,CM CN,1985-12-20 00:00:00.000,1986-01-28 00:00:00.000,0.0675,CAD
1383,NULL,CM CN,1985-09-23 00:00:00.000,1985-10-28 00:00:00.000,0.065,CAD
1384,NULL,CM CN,1985-06-24 00:00:00.000,1985-07-29 00:00:00.000,0.065,CAD
1385,NULL,CM CN,1985-03-22 00:00:00.000,1985-04-29 00:00:00.000,0.065,CAD
5269,NULL,NA CN,2024-04-05 00:00:00.000,2024-05-01 00:00:00.000,1.06,CAD
3039,NULL,NA CN,2024-03-22 00:00:00.000,2024-05-01 00:00:00.000,1.06,CAD
3040,NULL,NA CN,2023-12-21 00:00:00.000,2024-02-01 00:00:00.000,1.06,CAD
3041,NULL,NA CN,2023-09-22 00:00:00.000,2023-11-01 00:00:00.000,1.02,CAD
3042,NULL,NA CN,2023-06-23 00:00:00.000,2023-08-01 00:00:00.000,1.02,CAD
3043,NULL,NA CN,2023-03-24 00:00:00.000,2023-05-01 00:00:00.000,0.97,CAD
3044,NULL,NA CN,2022-12-22 00:00:00.000,2023-02-01 00:00:00.000,0.97,CAD
3045,NULL,NA CN,2022-09-23 00:00:00.000,2022-11-01 00:00:00.000,0.92,CAD
3046,NULL,NA CN,2022-06-24 00:00:00.000,2022-08-01 00:00:00.000,0.92,CAD
3047,NULL,NA CN,2022-03-25 00:00:00.000,2022-05-01 00:00:00.000,0.87,CAD
3048,NULL,NA CN,2021-12-23 00:00:00.000,2022-02-01 00:00:00.000,0.87,CAD
3049,NULL,NA CN,2021-09-24 00:00:00.000,2021-11-01 00:00:00.000,0.71,CAD
3050,NULL,NA CN,2021-06-25 00:00:00.000,2021-08-01 00:00:00.000,0.71,CAD
3051,NULL,NA CN,2021-03-26 00:00:00.000,2021-05-01 00:00:00.000,0.71,CAD
3052,NULL,NA CN,2020-12-23 00:00:00.000,2021-02-01 00:00:00.000,0.71,CAD
3053,NULL,NA CN,2020-09-25 00:00:00.000,2020-11-01 00:00:00.000,0.71,CAD
3054,NULL,NA CN,2020-06-26 00:00:00.000,2020-08-01 00:00:00.000,0.71,CAD
3055,NULL,NA CN,2020-03-27 00:00:00.000,2020-05-01 00:00:00.000,0.71,CAD
3056,NULL,NA CN,2019-12-27 00:00:00.000,2020-02-01 00:00:00.000,0.71,CAD
3057,NULL,NA CN,2019-09-27 00:00:00.000,2019-11-01 00:00:00.000,0.68,CAD
3058,NULL,NA CN,2019-06-24 00:00:00.000,2019-08-01 00:00:00.000,0.68,CAD
3059,NULL,NA CN,2019-03-22 00:00:00.000,2019-05-01 00:00:00.000,0.65,CAD
3060,NULL,NA CN,2018-12-28 00:00:00.000,2019-02-01 00:00:00.000,0.65,CAD
3061,NULL,NA CN,2018-09-21 00:00:00.000,2018-11-01 00:00:00.000,0.62,CAD
3062,NULL,NA CN,2018-06-25 00:00:00.000,2018-08-01 00:00:00.000,0.62,CAD
3063,NULL,NA CN,2018-03-23 00:00:00.000,2018-05-01 00:00:00.000,0.6,CAD
3064,NULL,NA CN,2017-12-22 00:00:00.000,2018-02-01 00:00:00.000,0.6,CAD
3065,NULL,NA CN,2017-09-22 00:00:00.000,2017-11-01 00:00:00.000,0.58,CAD
3066,NULL,NA CN,2017-06-22 00:00:00.000,2017-08-01 00:00:00.000,0.58,CAD
3067,NULL,NA CN,2017-03-23 00:00:00.000,2017-05-01 00:00:00.000,0.56,CAD
3068,NULL,NA CN,2016-12-22 00:00:00.000,2017-02-01 00:00:00.000,0.56,CAD
3069,NULL,NA CN,2016-09-22 00:00:00.000,2016-11-01 00:00:00.000,0.55,CAD
3070,NULL,NA CN,2016-06-16 00:00:00.000,2016-08-01 00:00:00.000,0.55,CAD
3071,NULL,NA CN,2016-03-23 00:00:00.000,2016-05-01 00:00:00.000,0.54,CAD
3072,NULL,NA CN,2015-12-17 00:00:00.000,2016-02-01 00:00:00.000,0.54,CAD
3073,NULL,NA CN,2015-09-24 00:00:00.000,2015-11-01 00:00:00.000,0.52,CAD
3074,NULL,NA CN,2015-06-18 00:00:00.000,2015-08-01 00:00:00.000,0.52,CAD
3075,NULL,NA CN,2015-03-26 00:00:00.000,2015-05-01 00:00:00.000,0.5,CAD
3076,NULL,NA CN,2014-12-23 00:00:00.000,2015-02-01 00:00:00.000,0.5,CAD
3077,NULL,NA CN,2014-09-23 00:00:00.000,2014-11-01 00:00:00.000,0.48,CAD
3078,NULL,NA CN,2014-06-24 00:00:00.000,2014-08-01 00:00:00.000,0.48,CAD
3079,NULL,NA CN,2014-03-25 00:00:00.000,2014-05-01 00:00:00.000,0.46,CAD
3080,NULL,NA CN,2014-02-14 00:00:00.000,2014-02-13 00:00:00.000,2,CAD
3081,NULL,NA CN,2013-12-23 00:00:00.000,2014-02-01 00:00:00.000,0.46,CAD
3082,NULL,NA CN,2013-09-24 00:00:00.000,2013-11-01 00:00:00.000,0.435,CAD
3083,NULL,NA CN,2013-06-18 00:00:00.000,2013-08-01 00:00:00.000,0.435,CAD
3084,NULL,NA CN,2013-03-26 00:00:00.000,2013-05-01 00:00:00.000,0.415,CAD
3085,NULL,NA CN,2012-12-21 00:00:00.000,2013-02-01 00:00:00.000,0.415,CAD
3086,NULL,NA CN,2012-09-25 00:00:00.000,2012-11-01 00:00:00.000,0.395,CAD
3087,NULL,NA CN,2012-06-26 00:00:00.000,2012-08-01 00:00:00.000,0.395,CAD
3088,NULL,NA CN,2012-03-27 00:00:00.000,2012-05-01 00:00:00.000,0.375,CAD
3089,NULL,NA CN,2011-12-23 00:00:00.000,2012-02-01 00:00:00.000,0.375,CAD
3090,NULL,NA CN,2011-09-20 00:00:00.000,2011-11-01 00:00:00.000,0.355,CAD
3091,NULL,NA CN,2011-06-21 00:00:00.000,2011-08-01 00:00:00.000,0.355,CAD
3092,NULL,NA CN,2011-03-22 00:00:00.000,2011-05-01 00:00:00.000,0.33,CAD
3093,NULL,NA CN,2010-12-21 00:00:00.000,2011-02-01 00:00:00.000,0.33,CAD
3094,NULL,NA CN,2010-09-21 00:00:00.000,2010-11-01 00:00:00.000,0.31,CAD
3095,NULL,NA CN,2010-06-21 00:00:00.000,2010-08-01 00:00:00.000,0.31,CAD
3096,NULL,NA CN,2010-03-23 00:00:00.000,2010-05-01 00:00:00.000,0.31,CAD
3097,NULL,NA CN,2009-12-22 00:00:00.000,2010-02-01 00:00:00.000,0.31,CAD
3098,NULL,NA CN,2009-09-22 00:00:00.000,2009-11-01 00:00:00.000,0.31,CAD
3099,NULL,NA CN,2009-06-23 00:00:00.000,2009-08-01 00:00:00.000,0.31,CAD
3100,NULL,NA CN,2009-03-24 00:00:00.000,2009-05-01 00:00:00.000,0.31,CAD
3101,NULL,NA CN,2008-12-30 00:00:00.000,2009-02-01 00:00:00.000,0.31,CAD
3102,NULL,NA CN,2008-09-23 00:00:00.000,2008-11-01 00:00:00.000,0.31,CAD
3103,NULL,NA CN,2008-06-24 00:00:00.000,2008-08-01 00:00:00.000,0.31,CAD
3104,NULL,NA CN,2008-03-25 00:00:00.000,2008-05-01 00:00:00.000,0.31,CAD
3105,NULL,NA CN,2007-12-21 00:00:00.000,2008-02-01 00:00:00.000,0.31,CAD
3106,NULL,NA CN,2007-09-24 00:00:00.000,2007-11-01 00:00:00.000,0.3,CAD
3107,NULL,NA CN,2007-06-25 00:00:00.000,2007-08-01 00:00:00.000,0.3,CAD
3108,NULL,NA CN,2007-03-26 00:00:00.000,2007-05-01 00:00:00.000,0.27,CAD
3109,NULL,NA CN,2006-12-22 00:00:00.000,2007-02-01 00:00:00.000,0.27,CAD
3110,NULL,NA CN,2006-09-26 00:00:00.000,2006-11-01 00:00:00.000,0.25,CAD
3111,NULL,NA CN,2006-06-20 00:00:00.000,2006-08-01 00:00:00.000,0.25,CAD
3112,NULL,NA CN,2006-03-28 00:00:00.000,2006-05-01 00:00:00.000,0.24,CAD
3113,NULL,NA CN,2005-12-23 00:00:00.000,2006-02-01 00:00:00.000,0.24,CAD
3114,NULL,NA CN,2005-09-20 00:00:00.000,2005-11-01 00:00:00.000,0.22,CAD
3115,NULL,NA CN,2005-06-23 00:00:00.000,2005-08-01 00:00:00.000,0.22,CAD
3116,NULL,NA CN,2005-03-22 00:00:00.000,2005-05-01 00:00:00.000,0.21,CAD
3117,NULL,NA CN,2004-12-22 00:00:00.000,2005-02-01 00:00:00.000,0.21,CAD
3118,NULL,NA CN,2004-09-21 00:00:00.000,2004-11-01 00:00:00.000,0.19,CAD
3119,NULL,NA CN,2004-06-24 00:00:00.000,2004-08-01 00:00:00.000,0.19,CAD
3120,NULL,NA CN,2004-03-23 00:00:00.000,2004-05-01 00:00:00.000,0.165,CAD
3121,NULL,NA CN,2003-12-23 00:00:00.000,2004-02-01 00:00:00.000,0.165,CAD
3122,NULL,NA CN,2003-09-23 00:00:00.000,2003-11-01 00:00:00.000,0.14,CAD
3123,NULL,NA CN,2003-06-24 00:00:00.000,2003-08-01 00:00:00.000,0.14,CAD
3124,NULL,NA CN,2003-03-25 00:00:00.000,2003-05-01 00:00:00.000,0.13,CAD
3125,NULL,NA CN,2002-12-20 00:00:00.000,2003-02-01 00:00:00.000,0.13,CAD
3126,NULL,NA CN,2002-09-24 00:00:00.000,2002-11-01 00:00:00.000,0.12,CAD
3127,NULL,NA CN,2002-06-25 00:00:00.000,2002-08-01 00:00:00.000,0.12,CAD
3128,NULL,NA CN,2002-03-26 00:00:00.000,2002-05-01 00:00:00.000,0.12,CAD
3129,NULL,NA CN,2001-12-21 00:00:00.000,2002-02-01 00:00:00.000,0.105,CAD
3130,NULL,NA CN,2001-09-25 00:00:00.000,2001-11-01 00:00:00.000,0.105,CAD
3131,NULL,NA CN,2001-06-26 00:00:00.000,2001-08-01 00:00:00.000,0.105,CAD
3132,NULL,NA CN,2001-03-20 00:00:00.000,2001-05-01 00:00:00.000,0.105,CAD
3133,NULL,NA CN,2000-12-22 00:00:00.000,2001-02-01 00:00:00.000,0.095,CAD
3134,NULL,NA CN,2000-09-26 00:00:00.000,2000-11-01 00:00:00.000,0.095,CAD
3135,NULL,NA CN,2000-06-20 00:00:00.000,2000-08-01 00:00:00.000,0.095,CAD
3136,NULL,NA CN,2000-03-21 00:00:00.000,2000-05-01 00:00:00.000,0.095,CAD
3137,NULL,NA CN,1999-12-24 00:00:00.000,2000-02-01 00:00:00.000,0.09,CAD
3138,NULL,NA CN,1999-09-21 00:00:00.000,1999-11-01 00:00:00.000,0.09,CAD
3139,NULL,NA CN,1999-06-21 00:00:00.000,1999-08-01 00:00:00.000,0.09,CAD
3140,NULL,NA CN,1999-03-23 00:00:00.000,1999-05-01 00:00:00.000,0.085,CAD
3141,NULL,NA CN,1998-12-23 00:00:00.000,1999-02-01 00:00:00.000,0.085,CAD
3142,NULL,NA CN,1998-09-22 00:00:00.000,1998-11-01 00:00:00.000,0.085,CAD
3143,NULL,NA CN,1998-06-23 00:00:00.000,1998-08-01 00:00:00.000,0.085,CAD
3144,NULL,NA CN,1998-03-24 00:00:00.000,1998-05-01 00:00:00.000,0.085,CAD
3145,NULL,NA CN,1997-12-23 00:00:00.000,1998-02-01 00:00:00.000,0.075,CAD
3146,NULL,NA CN,1997-09-24 00:00:00.000,1997-11-01 00:00:00.000,0.075,CAD
3147,NULL,NA CN,1997-06-23 00:00:00.000,1997-08-01 00:00:00.000,0.075,CAD
3148,NULL,NA CN,1997-03-25 00:00:00.000,1997-05-01 00:00:00.000,0.075,CAD
3149,NULL,NA CN,1996-12-23 00:00:00.000,1997-02-01 00:00:00.000,0.0625,CAD
3150,NULL,NA CN,1996-09-23 00:00:00.000,1996-11-01 00:00:00.000,0.0625,CAD
3151,NULL,NA CN,1996-06-24 00:00:00.000,1996-08-01 00:00:00.000,0.0625,CAD
3152,NULL,NA CN,1996-03-24 00:00:00.000,1996-05-01 00:00:00.000,0.0625,CAD
3153,NULL,NA CN,1995-12-21 00:00:00.000,1996-02-01 00:00:00.000,0.0575,CAD
3154,NULL,NA CN,1995-09-25 00:00:00.000,1995-11-01 00:00:00.000,0.05,CAD
3155,NULL,NA CN,1995-06-26 00:00:00.000,1995-08-01 00:00:00.000,0.05,CAD
3156,NULL,NA CN,1995-03-23 00:00:00.000,1995-05-01 00:00:00.000,0.05,CAD
3157,NULL,NA CN,1994-12-20 00:00:00.000,1995-02-01 00:00:00.000,0.05,CAD
3158,NULL,NA CN,1994-09-20 00:00:00.000,1994-11-01 00:00:00.000,0.05,CAD
3159,NULL,NA CN,1994-06-22 00:00:00.000,1994-08-01 00:00:00.000,0.05,CAD
3160,NULL,NA CN,1994-03-23 00:00:00.000,1994-05-01 00:00:00.000,0.05,CAD
3161,NULL,NA CN,1993-12-17 00:00:00.000,1994-02-01 00:00:00.000,0.05,CAD
3162,NULL,NA CN,1993-09-22 00:00:00.000,1993-11-01 00:00:00.000,0.05,CAD
3163,NULL,NA CN,1993-06-22 00:00:00.000,1993-08-01 00:00:00.000,0.05,CAD
3164,NULL,NA CN,1993-03-23 00:00:00.000,1993-05-01 00:00:00.000,0.05,CAD
3165,NULL,NA CN,1992-12-23 00:00:00.000,1993-02-01 00:00:00.000,0.05,CAD
3166,NULL,NA CN,1992-09-18 00:00:00.000,1992-11-01 00:00:00.000,0.05,CAD
3167,NULL,NA CN,1992-06-19 00:00:00.000,1992-08-01 00:00:00.000,0.1,CAD
3168,NULL,NA CN,1992-03-20 00:00:00.000,1992-05-01 00:00:00.000,0.1,CAD
3169,NULL,NA CN,1991-12-18 00:00:00.000,1992-02-01 00:00:00.000,0.1,CAD
3170,NULL,NA CN,1991-09-20 00:00:00.000,1991-11-01 00:00:00.000,0.1,CAD
3171,NULL,NA CN,1991-06-21 00:00:00.000,1991-08-01 00:00:00.000,0.1,CAD
3172,NULL,NA CN,1991-03-22 00:00:00.000,1991-05-01 00:00:00.000,0.1,CAD
3173,NULL,NA CN,1990-12-19 00:00:00.000,1991-02-01 00:00:00.000,0.1,CAD
3174,NULL,NA CN,1990-09-21 00:00:00.000,1990-11-01 00:00:00.000,0.1,CAD
3175,NULL,NA CN,1990-09-11 00:00:00.000,1990-09-17 00:00:00.000,1,CAD
3176,NULL,NA CN,1990-06-22 00:00:00.000,1990-08-01 00:00:00.000,0.1,CAD
3177,NULL,NA CN,1990-03-23 00:00:00.000,1990-05-01 00:00:00.000,0.1,CAD
3178,NULL,NA CN,1989-12-20 00:00:00.000,1990-02-01 00:00:00.000,0.1,CAD
3179,NULL,NA CN,1989-09-22 00:00:00.000,1989-11-01 00:00:00.000,0.09,CAD
3180,NULL,NA CN,1989-06-23 00:00:00.000,1989-08-01 00:00:00.000,0.09,CAD
3181,NULL,NA CN,1989-03-23 00:00:00.000,1989-05-01 00:00:00.000,0.09,CAD
3182,NULL,NA CN,1988-12-21 00:00:00.000,1989-02-01 00:00:00.000,0.09,CAD
3183,NULL,NA CN,1988-09-23 00:00:00.000,1988-11-01 00:00:00.000,0.08,CAD
3184,NULL,NA CN,1988-06-23 00:00:00.000,1988-08-01 00:00:00.000,0.08,CAD
3185,NULL,NA CN,1988-03-24 00:00:00.000,1988-05-01 00:00:00.000,0.08,CAD
3186,NULL,NA CN,1987-12-22 00:00:00.000,1988-02-01 00:00:00.000,0.08,CAD
3187,NULL,NA CN,1987-09-23 00:00:00.000,1987-11-01 00:00:00.000,0.07,CAD
3188,NULL,NA CN,1987-06-23 00:00:00.000,1987-08-01 00:00:00.000,0.07,CAD
3189,NULL,NA CN,1987-03-24 00:00:00.000,1987-05-01 00:00:00.000,0.07,CAD
3190,NULL,NA CN,1987-02-18 00:00:00.000,1987-03-06 00:00:00.000,2,CAD
3191,NULL,NA CN,1986-12-22 00:00:00.000,1987-02-01 00:00:00.000,0.07,CAD
3192,NULL,NA CN,1986-09-23 00:00:00.000,1986-11-01 00:00:00.000,0.0625,CAD
3193,NULL,NA CN,1986-06-23 00:00:00.000,1986-08-01 00:00:00.000,0.0625,CAD
3194,NULL,NA CN,1986-03-21 00:00:00.000,1986-05-01 00:00:00.000,0.0625,CAD
3195,NULL,NA CN,1985-12-20 00:00:00.000,1986-02-01 00:00:00.000,0.0625,CAD
3196,NULL,NA CN,1985-09-23 00:00:00.000,1985-11-01 00:00:00.000,0.0575,CAD
3197,NULL,NA CN,1985-06-21 00:00:00.000,1985-08-01 00:00:00.000,0.0575,CAD
3198,NULL,NA CN,1985-03-22 00:00:00.000,1985-05-01 00:00:00.000,0.0575,CAD
3199,NULL,NA CN,1984-12-20 00:00:00.000,1985-02-01 00:00:00.000,0.05,CAD
3871,NULL,RY CN,2024-04-24 00:00:00.000,2024-05-24 00:00:00.000,1.38,CAD
3872,NULL,RY CN,2024-01-24 00:00:00.000,2024-02-23 00:00:00.000,1.38,CAD
3873,NULL,RY CN,2023-10-25 00:00:00.000,2023-11-24 00:00:00.000,1.35,CAD
3874,NULL,RY CN,2023-07-25 00:00:00.000,2023-08-24 00:00:00.000,1.35,CAD
3875,NULL,RY CN,2023-04-24 00:00:00.000,2023-05-24 00:00:00.000,1.32,CAD
3876,NULL,RY CN,2023-01-25 00:00:00.000,2023-02-24 00:00:00.000,1.32,CAD
3877,NULL,RY CN,2022-10-25 00:00:00.000,2022-11-24 00:00:00.000,1.28,CAD
3878,NULL,RY CN,2022-07-25 00:00:00.000,2022-08-24 00:00:00.000,1.28,CAD
3879,NULL,RY CN,2022-04-22 00:00:00.000,2022-05-24 00:00:00.000,1.2,CAD
3880,NULL,RY CN,2022-01-25 00:00:00.000,2022-02-24 00:00:00.000,1.2,CAD
3881,NULL,RY CN,2021-10-25 00:00:00.000,2021-11-24 00:00:00.000,1.08,CAD
3882,NULL,RY CN,2021-07-23 00:00:00.000,2021-08-24 00:00:00.000,1.08,CAD
3883,NULL,RY CN,2021-04-21 00:00:00.000,2021-05-21 00:00:00.000,1.08,CAD
3884,NULL,RY CN,2021-01-25 00:00:00.000,2021-02-24 00:00:00.000,1.08,CAD
3885,NULL,RY CN,2020-10-23 00:00:00.000,2020-11-24 00:00:00.000,1.08,CAD
3886,NULL,RY CN,2020-07-24 00:00:00.000,2020-08-24 00:00:00.000,1.08,CAD
3887,NULL,RY CN,2020-04-22 00:00:00.000,2020-05-22 00:00:00.000,1.08,CAD
3888,NULL,RY CN,2020-01-24 00:00:00.000,2020-02-24 00:00:00.000,1.05,CAD
3889,NULL,RY CN,2019-10-23 00:00:00.000,2019-11-22 00:00:00.000,1.05,CAD
3890,NULL,RY CN,2019-07-24 00:00:00.000,2019-08-23 00:00:00.000,1.02,CAD
3891,NULL,RY CN,2019-04-24 00:00:00.000,2019-05-24 00:00:00.000,1.02,CAD
3892,NULL,RY CN,2019-01-23 00:00:00.000,2019-02-22 00:00:00.000,0.98,CAD
3893,NULL,RY CN,2018-10-24 00:00:00.000,2018-11-23 00:00:00.000,0.98,CAD
3894,NULL,RY CN,2018-07-25 00:00:00.000,2018-08-24 00:00:00.000,0.94,CAD
3895,NULL,RY CN,2018-04-24 00:00:00.000,2018-05-24 00:00:00.000,0.94,CAD
3896,NULL,RY CN,2018-01-24 00:00:00.000,2018-02-23 00:00:00.000,0.91,CAD
3897,NULL,RY CN,2017-10-25 00:00:00.000,2017-11-24 00:00:00.000,0.91,CAD
3898,NULL,RY CN,2017-07-24 00:00:00.000,2017-08-24 00:00:00.000,0.87,CAD
3899,NULL,RY CN,2017-04-21 00:00:00.000,2017-05-24 00:00:00.000,0.87,CAD
3900,NULL,RY CN,2017-01-24 00:00:00.000,2017-02-24 00:00:00.000,0.83,CAD
3901,NULL,RY CN,2016-10-24 00:00:00.000,2016-11-24 00:00:00.000,0.83,CAD
3902,NULL,RY CN,2016-07-22 00:00:00.000,2016-08-24 00:00:00.000,0.81,CAD
3903,NULL,RY CN,2016-04-21 00:00:00.000,2016-05-24 00:00:00.000,0.81,CAD
3904,NULL,RY CN,2016-01-22 00:00:00.000,2016-02-24 00:00:00.000,0.79,CAD
3905,NULL,RY CN,2015-10-22 00:00:00.000,2015-11-24 00:00:00.000,0.79,CAD
3906,NULL,RY CN,2015-07-23 00:00:00.000,2015-08-24 00:00:00.000,0.77,CAD
3907,NULL,RY CN,2015-04-21 00:00:00.000,2015-05-22 00:00:00.000,0.77,CAD
3908,NULL,RY CN,2015-01-22 00:00:00.000,2015-02-24 00:00:00.000,0.75,CAD
3909,NULL,RY CN,2014-10-23 00:00:00.000,2014-11-24 00:00:00.000,0.75,CAD
3910,NULL,RY CN,2014-07-22 00:00:00.000,2014-08-22 00:00:00.000,0.71,CAD
3911,NULL,RY CN,2014-04-22 00:00:00.000,2014-05-23 00:00:00.000,0.71,CAD
3912,NULL,RY CN,2014-01-23 00:00:00.000,2014-02-24 00:00:00.000,0.67,CAD
3913,NULL,RY CN,2013-10-22 00:00:00.000,2013-11-22 00:00:00.000,0.67,CAD
3914,NULL,RY CN,2013-07-23 00:00:00.000,2013-08-23 00:00:00.000,0.63,CAD
3915,NULL,RY CN,2013-04-23 00:00:00.000,2013-05-24 00:00:00.000,0.63,CAD
3916,NULL,RY CN,2013-01-22 00:00:00.000,2013-02-22 00:00:00.000,0.6,CAD
3917,NULL,RY CN,2012-10-23 00:00:00.000,2012-11-23 00:00:00.000,0.6,CAD
3918,NULL,RY CN,2012-07-24 00:00:00.000,2012-08-24 00:00:00.000,0.57,CAD
3919,NULL,RY CN,2012-04-23 00:00:00.000,2012-05-24 00:00:00.000,0.57,CAD
3920,NULL,RY CN,2012-01-24 00:00:00.000,2012-02-24 00:00:00.000,0.54,CAD
3921,NULL,RY CN,2011-10-24 00:00:00.000,2011-11-24 00:00:00.000,0.54,CAD
3922,NULL,RY CN,2011-07-22 00:00:00.000,2011-08-24 00:00:00.000,0.54,CAD
3923,NULL,RY CN,2011-04-21 00:00:00.000,2011-05-24 00:00:00.000,0.5,CAD
3924,NULL,RY CN,2011-01-24 00:00:00.000,2011-02-24 00:00:00.000,0.5,CAD
3925,NULL,RY CN,2010-10-22 00:00:00.000,2010-11-24 00:00:00.000,0.5,CAD
3926,NULL,RY CN,2010-07-22 00:00:00.000,2010-08-24 00:00:00.000,0.5,CAD
3927,NULL,RY CN,2010-04-20 00:00:00.000,2010-05-21 00:00:00.000,0.5,CAD
3928,NULL,RY CN,2010-01-22 00:00:00.000,2010-02-24 00:00:00.000,0.5,CAD
3929,NULL,RY CN,2009-10-22 00:00:00.000,2009-11-24 00:00:00.000,0.5,CAD
3930,NULL,RY CN,2009-07-23 00:00:00.000,2009-08-24 00:00:00.000,0.5,CAD
3931,NULL,RY CN,2009-04-21 00:00:00.000,2009-05-22 00:00:00.000,0.5,CAD
3932,NULL,RY CN,2009-01-22 00:00:00.000,2009-02-24 00:00:00.000,0.5,CAD
3933,NULL,RY CN,2008-10-23 00:00:00.000,2008-11-24 00:00:00.000,0.5,CAD
3934,NULL,RY CN,2008-07-22 00:00:00.000,2008-08-22 00:00:00.000,0.5,CAD
3935,NULL,RY CN,2008-04-22 00:00:00.000,2008-05-23 00:00:00.000,0.5,CAD
3936,NULL,RY CN,2008-01-22 00:00:00.000,2008-02-22 00:00:00.000,0.5,CAD
3937,NULL,RY CN,2007-10-23 00:00:00.000,2007-11-23 00:00:00.000,0.5,CAD
3938,NULL,RY CN,2007-07-24 00:00:00.000,2007-08-24 00:00:00.000,0.46,CAD
3939,NULL,RY CN,2007-04-23 00:00:00.000,2007-05-24 00:00:00.000,0.46,CAD
3940,NULL,RY CN,2007-01-23 00:00:00.000,2007-02-23 00:00:00.000,0.4,CAD
3941,NULL,RY CN,2006-10-24 00:00:00.000,2006-11-24 00:00:00.000,0.4,CAD
3942,NULL,RY CN,2006-07-24 00:00:00.000,2006-08-24 00:00:00.000,0.36,CAD
3943,NULL,RY CN,2006-04-21 00:00:00.000,2006-05-24 00:00:00.000,0.36,CAD
3944,NULL,RY CN,2006-03-23 00:00:00.000,2006-04-06 00:00:00.000,2,CAD
3945,NULL,RY CN,2006-01-24 00:00:00.000,2006-02-24 00:00:00.000,0.32,CAD
3946,NULL,RY CN,2005-10-21 00:00:00.000,2005-11-23 00:00:00.000,0.32,CAD
3947,NULL,RY CN,2005-07-22 00:00:00.000,2005-08-24 00:00:00.000,0.305,CAD
3948,NULL,RY CN,2005-04-21 00:00:00.000,2005-05-24 00:00:00.000,0.275,CAD
3949,NULL,RY CN,2005-01-24 00:00:00.000,2005-02-24 00:00:00.000,0.275,CAD
3950,NULL,RY CN,2004-10-22 00:00:00.000,2004-11-24 00:00:00.000,0.26,CAD
3951,NULL,RY CN,2004-07-22 00:00:00.000,2004-08-24 00:00:00.000,0.26,CAD
3952,NULL,RY CN,2004-04-20 00:00:00.000,2004-05-21 00:00:00.000,0.26,CAD
3953,NULL,RY CN,2004-01-22 00:00:00.000,2004-02-24 00:00:00.000,0.23,CAD
3954,NULL,RY CN,2003-10-23 00:00:00.000,2003-11-24 00:00:00.000,0.23,CAD
3955,NULL,RY CN,2003-07-21 00:00:00.000,2003-08-22 00:00:00.000,0.215,CAD
3956,NULL,RY CN,2003-04-21 00:00:00.000,2003-05-23 00:00:00.000,0.215,CAD
3957,NULL,RY CN,2003-01-23 00:00:00.000,2003-02-24 00:00:00.000,0.2,CAD
3958,NULL,RY CN,2002-10-21 00:00:00.000,2002-11-22 00:00:00.000,0.2,CAD
3959,NULL,RY CN,2002-07-22 00:00:00.000,2002-08-23 00:00:00.000,0.19,CAD
3960,NULL,RY CN,2002-04-22 00:00:00.000,2002-05-24 00:00:00.000,0.19,CAD
3961,NULL,RY CN,2002-01-22 00:00:00.000,2002-02-22 00:00:00.000,0.18,CAD
3962,NULL,RY CN,2001-10-22 00:00:00.000,2001-11-23 00:00:00.000,0.18,CAD
3963,NULL,RY CN,2001-07-23 00:00:00.000,2001-08-24 00:00:00.000,0.18,CAD
3964,NULL,RY CN,2001-04-20 00:00:00.000,2001-05-24 00:00:00.000,0.165,CAD
3965,NULL,RY CN,2001-01-22 00:00:00.000,2001-02-23 00:00:00.000,0.165,CAD
3966,NULL,RY CN,2000-10-23 00:00:00.000,2000-11-24 00:00:00.000,0.15,CAD
3967,NULL,RY CN,2000-09-25 00:00:00.000,2000-10-05 00:00:00.000,2,CAD
3968,NULL,RY CN,2000-07-21 00:00:00.000,2000-08-24 00:00:00.000,0.15,CAD
3969,NULL,RY CN,2000-04-19 00:00:00.000,2000-05-24 00:00:00.000,0.135,CAD
3970,NULL,RY CN,2000-01-21 00:00:00.000,2000-02-24 00:00:00.000,0.135,CAD
3971,NULL,RY CN,1999-10-21 00:00:00.000,1999-11-24 00:00:00.000,0.12,CAD
3972,NULL,RY CN,1999-07-22 00:00:00.000,1999-08-24 00:00:00.000,0.12,CAD
3973,NULL,RY CN,1999-04-21 00:00:00.000,1999-05-21 00:00:00.000,0.115,CAD
3974,NULL,RY CN,1999-01-21 00:00:00.000,1999-02-24 00:00:00.000,0.115,CAD
3975,NULL,RY CN,1998-10-22 00:00:00.000,1998-11-24 00:00:00.000,0.115,CAD
3976,NULL,RY CN,1998-07-23 00:00:00.000,1998-08-24 00:00:00.000,0.115,CAD
3977,NULL,RY CN,1998-04-22 00:00:00.000,1998-05-22 00:00:00.000,0.105,CAD
3978,NULL,RY CN,1998-01-22 00:00:00.000,1998-02-24 00:00:00.000,0.105,CAD
3979,NULL,RY CN,1997-10-23 00:00:00.000,1997-11-24 00:00:00.000,0.0975,CAD
3980,NULL,RY CN,1997-07-22 00:00:00.000,1997-08-22 00:00:00.000,0.0975,CAD
3981,NULL,RY CN,1997-04-22 00:00:00.000,1997-05-23 00:00:00.000,0.0925,CAD
3982,NULL,RY CN,1997-01-23 00:00:00.000,1997-02-24 00:00:00.000,0.0925,CAD
3983,NULL,RY CN,1996-10-22 00:00:00.000,1996-11-22 00:00:00.000,0.085,CAD
3984,NULL,RY CN,1996-07-22 00:00:00.000,1996-08-23 00:00:00.000,0.085,CAD
3985,NULL,RY CN,1996-04-22 00:00:00.000,1996-05-24 00:00:00.000,0.085,CAD
3986,NULL,RY CN,1996-01-22 00:00:00.000,1996-02-23 00:00:00.000,0.0775,CAD
3987,NULL,RY CN,1995-10-23 00:00:00.000,1995-11-24 00:00:00.000,0.0775,CAD
3988,NULL,RY CN,1995-07-21 00:00:00.000,1995-08-24 00:00:00.000,0.0725,CAD
3989,NULL,RY CN,1995-04-18 00:00:00.000,1995-05-24 00:00:00.000,0.0725,CAD
3990,NULL,RY CN,1995-01-19 00:00:00.000,1995-02-24 00:00:00.000,0.0725,CAD
3991,NULL,RY CN,1994-10-19 00:00:00.000,1994-11-24 00:00:00.000,0.0725,CAD
3992,NULL,RY CN,1994-07-19 00:00:00.000,1994-08-24 00:00:00.000,0.0725,CAD
3993,NULL,RY CN,1994-04-19 00:00:00.000,1994-05-24 00:00:00.000,0.0725,CAD
3994,NULL,RY CN,1994-01-19 00:00:00.000,1994-02-24 00:00:00.000,0.0725,CAD
3995,NULL,RY CN,1993-10-19 00:00:00.000,1993-11-24 00:00:00.000,0.0725,CAD
3996,NULL,RY CN,1993-07-20 00:00:00.000,1993-08-24 00:00:00.000,0.0725,CAD
3997,NULL,RY CN,1993-04-19 00:00:00.000,1993-05-21 00:00:00.000,0.0725,CAD
3998,NULL,RY CN,1993-01-19 00:00:00.000,1993-02-24 00:00:00.000,0.0725,CAD
3999,NULL,RY CN,1992-10-20 00:00:00.000,1992-11-24 00:00:00.000,0.0725,CAD
4000,NULL,RY CN,1992-07-21 00:00:00.000,1992-08-24 00:00:00.000,0.0725,CAD
4001,NULL,RY CN,1992-04-20 00:00:00.000,1992-05-22 00:00:00.000,0.0725,CAD
4002,NULL,RY CN,1992-01-21 00:00:00.000,1992-02-24 00:00:00.000,0.0725,CAD
4003,NULL,RY CN,1991-10-18 00:00:00.000,1991-11-22 00:00:00.000,0.0725,CAD
4004,NULL,RY CN,1991-07-18 00:00:00.000,1991-08-23 00:00:00.000,0.0725,CAD
4005,NULL,RY CN,1991-04-18 00:00:00.000,1991-05-24 00:00:00.000,0.0725,CAD
4006,NULL,RY CN,1991-01-18 00:00:00.000,1991-02-22 00:00:00.000,0.0725,CAD
4007,NULL,RY CN,1990-10-18 00:00:00.000,1990-11-23 00:00:00.000,0.0725,CAD
4008,NULL,RY CN,1990-07-18 00:00:00.000,1990-08-24 00:00:00.000,0.0725,CAD
4009,NULL,RY CN,1990-04-18 00:00:00.000,1990-05-24 00:00:00.000,0.0725,CAD
4010,NULL,RY CN,1990-02-05 00:00:00.000,1990-03-05 00:00:00.000,2,CAD
4011,NULL,RY CN,1990-01-18 00:00:00.000,1990-02-23 00:00:00.000,0.0725,CAD
4012,NULL,RY CN,1989-10-18 00:00:00.000,1989-11-24 00:00:00.000,0.06875,CAD
4013,NULL,RY CN,1989-07-18 00:00:00.000,1989-08-24 00:00:00.000,0.06875,CAD
4014,NULL,RY CN,1989-04-18 00:00:00.000,1989-05-24 00:00:00.000,0.06875,CAD
4015,NULL,RY CN,1989-01-18 00:00:00.000,1989-02-24 00:00:00.000,0.06875,CAD
4016,NULL,RY CN,1988-10-18 00:00:00.000,1988-11-24 00:00:00.000,0.065,CAD
4017,NULL,RY CN,1988-07-18 00:00:00.000,1988-08-24 00:00:00.000,0.065,CAD
4018,NULL,RY CN,1988-04-18 00:00:00.000,1988-05-24 00:00:00.000,0.065,CAD
4019,NULL,RY CN,1988-01-18 00:00:00.000,1988-02-24 00:00:00.000,0.065,CAD
4020,NULL,RY CN,1987-10-19 00:00:00.000,1987-11-24 00:00:00.000,0.065,CAD
4021,NULL,RY CN,1987-07-20 00:00:00.000,1987-08-24 00:00:00.000,0.0625,CAD
4022,NULL,RY CN,1987-04-20 00:00:00.000,1987-05-22 00:00:00.000,0.0625,CAD
4023,NULL,RY CN,1987-01-26 00:00:00.000,1987-02-24 00:00:00.000,0.0625,CAD
4024,NULL,RY CN,1986-10-20 00:00:00.000,1986-11-24 00:00:00.000,0.0625,CAD
4025,NULL,RY CN,1986-07-18 00:00:00.000,1986-08-22 00:00:00.000,0.0625,CAD
4026,NULL,RY CN,1986-04-18 00:00:00.000,1986-05-23 00:00:00.000,0.0625,CAD
4027,NULL,RY CN,1986-01-20 00:00:00.000,1986-02-24 00:00:00.000,0.0625,CAD
4028,NULL,RY CN,1985-10-18 00:00:00.000,1985-11-22 00:00:00.000,0.0625,CAD
4029,NULL,RY CN,1985-07-18 00:00:00.000,1985-08-23 00:00:00.000,0.0625,CAD
4030,NULL,RY CN,1985-04-18 00:00:00.000,1985-05-24 00:00:00.000,0.0625,CAD
4031,NULL,RY CN,1985-01-18 00:00:00.000,1985-02-22 00:00:00.000,0.0625,CAD
4032,NULL,RY CN,1981-03-09 00:00:00.000,1981-03-13 00:00:00.000,2,CAD
4183,NULL,TD CN,2024-04-08 00:00:00.000,2024-04-30 00:00:00.000,1.02,CAD
4184,NULL,TD CN,2024-01-09 00:00:00.000,2024-01-31 00:00:00.000,1.02,CAD
4185,NULL,TD CN,2023-10-05 00:00:00.000,2023-10-31 00:00:00.000,0.96,CAD
4186,NULL,TD CN,2023-07-07 00:00:00.000,2023-07-31 00:00:00.000,0.96,CAD
4187,NULL,TD CN,2023-04-05 00:00:00.000,2023-04-30 00:00:00.000,0.96,CAD
4188,NULL,TD CN,2023-01-05 00:00:00.000,2023-01-31 00:00:00.000,0.96,CAD
4189,NULL,TD CN,2022-10-06 00:00:00.000,2022-10-31 00:00:00.000,0.89,CAD
4190,NULL,TD CN,2022-07-07 00:00:00.000,2022-07-31 00:00:00.000,0.89,CAD
4191,NULL,TD CN,2022-04-07 00:00:00.000,2022-04-30 00:00:00.000,0.89,CAD
4192,NULL,TD CN,2022-01-07 00:00:00.000,2022-01-31 00:00:00.000,0.89,CAD
4193,NULL,TD CN,2021-10-07 00:00:00.000,2021-10-31 00:00:00.000,0.79,CAD
4194,NULL,TD CN,2021-07-08 00:00:00.000,2021-07-31 00:00:00.000,0.79,CAD
4195,NULL,TD CN,2021-04-08 00:00:00.000,2021-04-30 00:00:00.000,0.79,CAD
4196,NULL,TD CN,2021-01-07 00:00:00.000,2021-01-31 00:00:00.000,0.79,CAD
4197,NULL,TD CN,2020-10-08 00:00:00.000,2020-10-31 00:00:00.000,0.79,CAD
4198,NULL,TD CN,2020-07-09 00:00:00.000,2020-07-31 00:00:00.000,0.79,CAD
4199,NULL,TD CN,2020-04-08 00:00:00.000,2020-04-30 00:00:00.000,0.79,CAD
4200,NULL,TD CN,2020-01-09 00:00:00.000,2020-01-31 00:00:00.000,0.74,CAD
4201,NULL,TD CN,2019-10-09 00:00:00.000,2019-10-31 00:00:00.000,0.74,CAD
4202,NULL,TD CN,2019-07-09 00:00:00.000,2019-07-31 00:00:00.000,0.74,CAD
4203,NULL,TD CN,2019-04-09 00:00:00.000,2019-04-30 00:00:00.000,0.74,CAD
4204,NULL,TD CN,2019-01-09 00:00:00.000,2019-01-31 00:00:00.000,0.67,CAD
4205,NULL,TD CN,2018-10-09 00:00:00.000,2018-10-31 00:00:00.000,0.67,CAD
4206,NULL,TD CN,2018-07-09 00:00:00.000,2018-07-31 00:00:00.000,0.67,CAD
4207,NULL,TD CN,2018-04-09 00:00:00.000,2018-04-30 00:00:00.000,0.67,CAD
4208,NULL,TD CN,2018-01-09 00:00:00.000,2018-01-31 00:00:00.000,0.6,CAD
4209,NULL,TD CN,2017-10-05 00:00:00.000,2017-10-31 00:00:00.000,0.6,CAD
4210,NULL,TD CN,2017-07-06 00:00:00.000,2017-07-31 00:00:00.000,0.6,CAD
4211,NULL,TD CN,2017-04-06 00:00:00.000,2017-04-30 00:00:00.000,0.6,CAD
4212,NULL,TD CN,2017-01-06 00:00:00.000,2017-01-31 00:00:00.000,0.55,CAD
4213,NULL,TD CN,2016-10-05 00:00:00.000,2016-10-31 00:00:00.000,0.55,CAD
4214,NULL,TD CN,2016-07-06 00:00:00.000,2016-07-31 00:00:00.000,0.55,CAD
4215,NULL,TD CN,2016-04-06 00:00:00.000,2016-04-30 00:00:00.000,0.55,CAD
4216,NULL,TD CN,2016-01-06 00:00:00.000,2016-01-29 00:00:00.000,0.51,CAD
4217,NULL,TD CN,2015-10-02 00:00:00.000,2015-10-30 00:00:00.000,0.51,CAD
4218,NULL,TD CN,2015-07-07 00:00:00.000,2015-07-31 00:00:00.000,0.51,CAD
4219,NULL,TD CN,2015-04-02 00:00:00.000,2015-04-30 00:00:00.000,0.51,CAD
4220,NULL,TD CN,2015-01-02 00:00:00.000,2015-01-31 00:00:00.000,0.47,CAD
4221,NULL,TD CN,2014-10-01 00:00:00.000,2014-10-31 00:00:00.000,0.47,CAD
4222,NULL,TD CN,2014-07-07 00:00:00.000,2014-07-31 00:00:00.000,0.47,CAD
4223,NULL,TD CN,2014-04-01 00:00:00.000,2014-04-30 00:00:00.000,0.47,CAD
4224,NULL,TD CN,2014-02-03 00:00:00.000,2014-01-31 00:00:00.000,2,CAD
4225,NULL,TD CN,2014-01-02 00:00:00.000,2014-01-31 00:00:00.000,0.43,CAD
4226,NULL,TD CN,2013-10-01 00:00:00.000,2013-10-31 00:00:00.000,0.425,CAD
4227,NULL,TD CN,2013-07-05 00:00:00.000,2013-07-31 00:00:00.000,0.405,CAD
4228,NULL,TD CN,2013-04-01 00:00:00.000,2013-04-30 00:00:00.000,0.405,CAD
4229,NULL,TD CN,2013-01-02 00:00:00.000,2013-01-31 00:00:00.000,0.385,CAD
4230,NULL,TD CN,2012-10-01 00:00:00.000,2012-10-31 00:00:00.000,0.385,CAD
4231,NULL,TD CN,2012-07-03 00:00:00.000,2012-07-31 00:00:00.000,0.36,CAD
4232,NULL,TD CN,2012-04-02 00:00:00.000,2012-04-30 00:00:00.000,0.36,CAD
4233,NULL,TD CN,2012-01-03 00:00:00.000,2012-01-31 00:00:00.000,0.34,CAD
4234,NULL,TD CN,2011-10-03 00:00:00.000,2011-10-31 00:00:00.000,0.34,CAD
4235,NULL,TD CN,2011-07-04 00:00:00.000,2011-07-31 00:00:00.000,0.33,CAD
4236,NULL,TD CN,2011-04-01 00:00:00.000,2011-04-30 00:00:00.000,0.33,CAD
4237,NULL,TD CN,2011-01-04 00:00:00.000,2011-01-31 00:00:00.000,0.305,CAD
4238,NULL,TD CN,2010-10-01 00:00:00.000,2010-10-31 00:00:00.000,0.305,CAD
4239,NULL,TD CN,2010-07-02 00:00:00.000,2010-07-31 00:00:00.000,0.305,CAD
4240,NULL,TD CN,2010-04-01 00:00:00.000,2010-04-30 00:00:00.000,0.305,CAD
4241,NULL,TD CN,2010-01-04 00:00:00.000,2010-01-31 00:00:00.000,0.305,CAD
4242,NULL,TD CN,2009-10-01 00:00:00.000,2009-10-31 00:00:00.000,0.305,CAD
4243,NULL,TD CN,2009-07-02 00:00:00.000,2009-07-31 00:00:00.000,0.305,CAD
4244,NULL,TD CN,2009-04-01 00:00:00.000,2009-04-30 00:00:00.000,0.305,CAD
4245,NULL,TD CN,2009-01-02 00:00:00.000,2009-01-31 00:00:00.000,0.305,CAD
4246,NULL,TD CN,2008-10-01 00:00:00.000,2008-10-31 00:00:00.000,0.305,CAD
4247,NULL,TD CN,2008-07-07 00:00:00.000,2008-07-31 00:00:00.000,0.295,CAD
4248,NULL,TD CN,2008-04-01 00:00:00.000,2008-04-30 00:00:00.000,0.295,CAD
4249,NULL,TD CN,2008-01-02 00:00:00.000,2008-01-31 00:00:00.000,0.285,CAD
4250,NULL,TD CN,2007-10-01 00:00:00.000,2007-10-31 00:00:00.000,0.285,CAD
4251,NULL,TD CN,2007-07-03 00:00:00.000,2007-07-31 00:00:00.000,0.265,CAD
4252,NULL,TD CN,2007-04-02 00:00:00.000,2007-04-30 00:00:00.000,0.265,CAD
4253,NULL,TD CN,2007-01-02 00:00:00.000,2007-01-31 00:00:00.000,0.24,CAD
4254,NULL,TD CN,2006-09-12 00:00:00.000,2006-10-31 00:00:00.000,0.24,CAD
4255,NULL,TD CN,2006-06-13 00:00:00.000,2006-07-31 00:00:00.000,0.22,CAD
4256,NULL,TD CN,2006-03-14 00:00:00.000,2006-04-30 00:00:00.000,0.22,CAD
4257,NULL,TD CN,2005-12-13 00:00:00.000,2006-01-31 00:00:00.000,0.21,CAD
4258,NULL,TD CN,2005-09-13 00:00:00.000,2005-10-31 00:00:00.000,0.21,CAD
4259,NULL,TD CN,2005-06-14 00:00:00.000,2005-07-31 00:00:00.000,0.2,CAD
4260,NULL,TD CN,2005-03-15 00:00:00.000,2005-04-30 00:00:00.000,0.2,CAD
4261,NULL,TD CN,2004-12-14 00:00:00.000,2005-01-31 00:00:00.000,0.18,CAD
4262,NULL,TD CN,2004-09-14 00:00:00.000,2004-10-31 00:00:00.000,0.18,CAD
4263,NULL,TD CN,2004-06-15 00:00:00.000,2004-07-31 00:00:00.000,0.17,CAD
4264,NULL,TD CN,2004-03-16 00:00:00.000,2004-04-30 00:00:00.000,0.17,CAD
4265,NULL,TD CN,2003-12-16 00:00:00.000,2004-01-31 00:00:00.000,0.16,CAD
4266,NULL,TD CN,2003-09-16 00:00:00.000,2003-10-31 00:00:00.000,0.16,CAD
4267,NULL,TD CN,2003-06-17 00:00:00.000,2003-07-31 00:00:00.000,0.14,CAD
4268,NULL,TD CN,2003-03-18 00:00:00.000,2003-04-30 00:00:00.000,0.14,CAD
4269,NULL,TD CN,2002-12-17 00:00:00.000,2003-01-31 00:00:00.000,0.14,CAD
4270,NULL,TD CN,2002-09-17 00:00:00.000,2002-10-31 00:00:00.000,0.14,CAD
4271,NULL,TD CN,2002-06-18 00:00:00.000,2002-07-31 00:00:00.000,0.14,CAD
4272,NULL,TD CN,2002-03-12 00:00:00.000,2002-04-30 00:00:00.000,0.14,CAD
4273,NULL,TD CN,2001-12-18 00:00:00.000,2002-01-31 00:00:00.000,0.14,CAD
4274,NULL,TD CN,2001-09-18 00:00:00.000,2001-10-31 00:00:00.000,0.14,CAD
4275,NULL,TD CN,2001-06-12 00:00:00.000,2001-07-31 00:00:00.000,0.14,CAD
4276,NULL,TD CN,2001-03-13 00:00:00.000,2001-04-30 00:00:00.000,0.14,CAD
4277,NULL,TD CN,2000-12-12 00:00:00.000,2001-01-31 00:00:00.000,0.125,CAD
4278,NULL,TD CN,2000-09-12 00:00:00.000,2000-10-31 00:00:00.000,0.125,CAD
4279,NULL,TD CN,2000-06-13 00:00:00.000,2000-07-31 00:00:00.000,0.125,CAD
4280,NULL,TD CN,2000-03-14 00:00:00.000,2000-04-30 00:00:00.000,0.105,CAD
4281,NULL,TD CN,1999-12-14 00:00:00.000,2000-01-31 00:00:00.000,0.105,CAD
4282,NULL,TD CN,1999-09-14 00:00:00.000,1999-10-31 00:00:00.000,0.095,CAD
4283,NULL,TD CN,1999-07-06 00:00:00.000,1999-07-31 00:00:00.000,2,CAD
4284,NULL,TD CN,1999-07-06 00:00:00.000,1999-07-31 00:00:00.000,0.095,CAD
4285,NULL,TD CN,1999-03-16 00:00:00.000,1999-04-30 00:00:00.000,0.085,CAD
4286,NULL,TD CN,1998-12-15 00:00:00.000,1999-01-31 00:00:00.000,0.085,CAD
4287,NULL,TD CN,1998-09-15 00:00:00.000,1998-10-31 00:00:00.000,0.085,CAD
4288,NULL,TD CN,1998-06-16 00:00:00.000,1998-07-31 00:00:00.000,0.085,CAD
4289,NULL,TD CN,1998-03-17 00:00:00.000,1998-04-30 00:00:00.000,0.08,CAD
4290,NULL,TD CN,1997-12-16 00:00:00.000,1998-01-31 00:00:00.000,0.08,CAD
4291,NULL,TD CN,1997-09-16 00:00:00.000,1997-10-31 00:00:00.000,0.07,CAD
4292,NULL,TD CN,1997-06-16 00:00:00.000,1997-07-31 00:00:00.000,0.07,CAD
4293,NULL,TD CN,1997-03-18 00:00:00.000,1997-04-30 00:00:00.000,0.07,CAD
4294,NULL,TD CN,1996-12-17 00:00:00.000,1997-01-31 00:00:00.000,0.07,CAD
4295,NULL,TD CN,1996-10-10 00:00:00.000,1996-10-31 00:00:00.000,0.0625,CAD
4296,NULL,TD CN,1996-06-18 00:00:00.000,1996-07-31 00:00:00.000,0.0625,CAD
4297,NULL,TD CN,1996-03-12 00:00:00.000,1996-04-30 00:00:00.000,0.0625,CAD
4298,NULL,TD CN,1995-12-12 00:00:00.000,1996-01-31 00:00:00.000,0.0625,CAD
4299,NULL,TD CN,1995-09-12 00:00:00.000,1995-10-31 00:00:00.000,0.055,CAD
4300,NULL,TD CN,1995-06-13 00:00:00.000,1995-07-31 00:00:00.000,0.055,CAD
4301,NULL,TD CN,1995-03-10 00:00:00.000,1995-04-30 00:00:00.000,0.055,CAD
4302,NULL,TD CN,1994-12-09 00:00:00.000,1995-01-31 00:00:00.000,0.055,CAD
4303,NULL,TD CN,1994-09-09 00:00:00.000,1994-10-31 00:00:00.000,0.05,CAD
4304,NULL,TD CN,1994-06-10 00:00:00.000,1994-07-31 00:00:00.000,0.05,CAD
4305,NULL,TD CN,1994-03-11 00:00:00.000,1994-04-30 00:00:00.000,0.05,CAD
4306,NULL,TD CN,1993-12-10 00:00:00.000,1994-01-31 00:00:00.000,0.0475,CAD
4307,NULL,TD CN,1993-09-10 00:00:00.000,1993-10-31 00:00:00.000,0.0475,CAD
4308,NULL,TD CN,1993-06-11 00:00:00.000,1993-07-31 00:00:00.000,0.0475,CAD
4309,NULL,TD CN,1993-03-12 00:00:00.000,1993-04-30 00:00:00.000,0.0475,CAD
4310,NULL,TD CN,1992-12-11 00:00:00.000,1993-01-31 00:00:00.000,0.0475,CAD
4311,NULL,TD CN,1992-09-11 00:00:00.000,1992-10-31 00:00:00.000,0.0475,CAD
4312,NULL,TD CN,1992-06-12 00:00:00.000,1992-07-31 00:00:00.000,0.0475,CAD
4313,NULL,TD CN,1992-03-13 00:00:00.000,1992-04-30 00:00:00.000,0.0475,CAD
4314,NULL,TD CN,1991-12-13 00:00:00.000,1992-01-31 00:00:00.000,0.0475,CAD
4315,NULL,TD CN,1991-09-13 00:00:00.000,1991-10-31 00:00:00.000,0.0475,CAD
4316,NULL,TD CN,1991-06-14 00:00:00.000,1991-07-31 00:00:00.000,0.0475,CAD
4317,NULL,TD CN,1991-03-08 00:00:00.000,1991-04-30 00:00:00.000,0.0475,CAD
4318,NULL,TD CN,1990-12-14 00:00:00.000,1991-01-31 00:00:00.000,0.0475,CAD
4319,NULL,TD CN,1990-09-14 00:00:00.000,1990-10-31 00:00:00.000,0.0475,CAD
4320,NULL,TD CN,1990-06-08 00:00:00.000,1990-07-31 00:00:00.000,0.0475,CAD
4321,NULL,TD CN,1990-03-16 00:00:00.000,1990-04-30 00:00:00.000,0.0475,CAD
4322,NULL,TD CN,1989-12-21 00:00:00.000,1990-01-31 00:00:00.000,0.0475,CAD
4323,NULL,TD CN,1989-09-15 00:00:00.000,1989-10-31 00:00:00.000,0.0475,CAD
4324,NULL,TD CN,1989-07-04 00:00:00.000,1989-07-31 00:00:00.000,0.0475,CAD
4325,NULL,TD CN,1989-07-04 00:00:00.000,1989-07-31 00:00:00.000,2,CAD
4326,NULL,TD CN,1989-03-17 00:00:00.000,1989-04-24 00:00:00.000,0.04125,CAD
4327,NULL,TD CN,1988-12-21 00:00:00.000,1989-01-23 00:00:00.000,0.04125,CAD
4328,NULL,TD CN,1988-09-16 00:00:00.000,1988-10-24 00:00:00.000,0.035,CAD
4329,NULL,TD CN,1988-06-17 00:00:00.000,1988-07-25 00:00:00.000,0.035,CAD
4330,NULL,TD CN,1988-03-18 00:00:00.000,1988-04-25 00:00:00.000,0.02875,CAD
4331,NULL,TD CN,1987-12-21 00:00:00.000,1988-01-25 00:00:00.000,0.02875,CAD
4332,NULL,TD CN,1987-09-18 00:00:00.000,1987-10-26 00:00:00.000,0.02875,CAD
4333,NULL,TD CN,1987-06-19 00:00:00.000,1987-07-27 00:00:00.000,0.02625,CAD
4334,NULL,TD CN,1987-03-20 00:00:00.000,1987-04-27 00:00:00.000,0.02625,CAD
4335,NULL,TD CN,1986-12-19 00:00:00.000,1987-01-26 00:00:00.000,0.02625,CAD
4336,NULL,TD CN,1986-09-19 00:00:00.000,1986-10-27 00:00:00.000,0.02625,CAD
4337,NULL,TD CN,1986-06-20 00:00:00.000,1986-07-28 00:00:00.000,0.02625,CAD
4338,NULL,TD CN,1986-03-21 00:00:00.000,1986-04-28 00:00:00.000,0.02625,CAD
4339,NULL,TD CN,1985-12-23 00:00:00.000,1986-01-27 00:00:00.000,0.02625,CAD
4340,NULL,TD CN,1985-09-20 00:00:00.000,1985-10-28 00:00:00.000,0.025,CAD
4341,NULL,TD CN,1985-06-21 00:00:00.000,1985-07-29 00:00:00.000,0.025,CAD
4342,NULL,TD CN,1985-03-22 00:00:00.000,1985-04-29 00:00:00.000,0.025,CAD
4343,NULL,TD CN,1984-12-19 00:00:00.000,1985-01-28 00:00:00.000,0.02375,CAD
4344,NULL,TD CN,1983-08-03 00:00:00.000,1983-08-09 00:00:00.000,3,CAD
